split,image,label,lesion_frac,leaf_frac,status,pred,confidence,answered_wrong,wrong_top_class
val,cercospora/085cebb0046414769c8f.jpg,Cercospora,0.05212558209403635,0.18058268229166666,accepted,Cercospora,0.985271692276001,False,False
val,cercospora/0cf338932e4c4bd1d210.jpg,Cercospora,0.013904866703346171,0.18078161168981483,accepted,Cercospora,0.996215283870697,False,False
val,cercospora/0d45844318a942691228.jpg,Cercospora,0.12289328014348888,0.2923990885416667,accepted,Cercospora,0.9984459280967712,False,False
val,cercospora/10f2268251a55a7b2abb.jpg,Cercospora,0.07784621245793384,0.28481264467592593,accepted,Cercospora,0.9973499774932861,False,False
val,cercospora/166989c78ae98934ec53.jpg,Cercospora,0.0006355258976803305,0.028455946180555556,accepted,Cercospora,0.9912779331207275,False,False
val,cercospora/16d5af31e3e38ff304b9.jpg,Cercospora,0.005916222069621256,0.17117874710648148,accepted,Cercospora,0.9738362431526184,False,False
val,cercospora/1ce6bc370ac6be5151da.jpg,Cercospora,0.00010818998160770312,0.08357747395833333,accepted,Cercospora,0.9987596273422241,False,False
val,cercospora/1e39f24976264e4f7d5c.jpg,Cercospora,0.01422119727106755,0.1882052951388889,accepted,Cercospora,0.9729937314987183,False,False
val,cercospora/22eba80afb662f457f3e.jpg,Cercospora,0.05876032502854073,0.13464807581018517,accepted,Cercospora,0.9970543384552002,False,False
val,cercospora/27e0ce672b2e251d007e.jpg,Cercospora,0.09548482605477424,0.23210539641203703,accepted,Cercospora,0.997911274433136,False,False
val,cercospora/2a5ea6acbd2a101537c1.jpg,Cercospora,0.08426966292134831,0.0804759837962963,accepted,Cercospora,0.9992491602897644,False,False
val,cercospora/2d2557510ec7befbdb5f.jpg,Cercospora,0.08579571021448927,0.1808539496527778,accepted,Cercospora,0.999200165271759,False,False
val,cercospora/2e9855578b171a02648a.jpg,Cercospora,0.0005768676088837611,0.06269892939814815,accepted,Cercospora,0.9850148558616638,False,False
val,cercospora/3ca87c2131349e6e96c8.jpg,Cercospora,0.006935131614238093,0.2359935619212963,uncertain,Cercospora,0.7151038646697998,False,False
val,cercospora/3ea05574134919e0c804.jpg,Cercospora,0.027323289594470543,0.1674533420138889,accepted,Cercospora,0.99741530418396,False,False
val,cercospora/42033aafee7bbf075ea4.jpg,Cercospora,0.002990207071839725,0.12095811631944445,accepted,Cercospora,0.9987388253211975,False,False
val,cercospora/42f6eddaea08c67b4e52.jpg,Cercospora,0.0,0.054868344907407406,accepted,Cercospora,0.9982086420059204,False,False
val,cercospora/4c0527cd3551918ece11.jpg,Cercospora,0.008330762110459735,0.0879177517361111,accepted,Cercospora,0.9972906708717346,False,False
val,cercospora/4c082dde3acf9e5cdce3.jpg,Cercospora,0.11146940271161597,0.2467628761574074,accepted,Cercospora,0.9916634559631348,False,False
val,cercospora/50bb061cdeba84f40bc4.jpg,Cercospora,0.015428175199352825,0.15648509837962962,accepted,Cercospora,0.9986991882324219,False,False
val,cercospora/536b13a2fcf1d76248d8.jpg,Cercospora,0.0014253474284356812,0.07612666377314815,accepted,Cercospora,0.998212456703186,False,False
val,cercospora/536b7635073e42a96c1b.jpg,Cercospora,0.505052220429651,0.10649052372685185,accepted,Cercospora,0.9789479374885559,False,False
val,cercospora/57a730d23257d4285de3.jpg,Cercospora,0.023943177912704776,0.07892975983796297,accepted,Cercospora,0.9991752505302429,False,False
val,cercospora/64e7a37a567e918b25d9.jpg,Cercospora,0.17597916892698276,0.1666847511574074,accepted,Cercospora,0.9983118772506714,False,False
val,cercospora/684b2222b1906cf23137.jpg,Cercospora,0.0002711251694532309,0.10005244502314815,accepted,Cercospora,0.9969692826271057,False,False
val,cercospora/68a5135867da31b1581d.jpg,Cercospora,0.10191156593937054,0.23414894386574073,accepted,Cercospora,0.9541944861412048,False,False
val,cercospora/6b0326485f851a77d15f.jpg,Cercospora,0.029811378622910598,0.29482241030092593,accepted,Cercospora,0.9942732453346252,False,False
val,cercospora/6e2de3dcccaf64b0941e.jpg,Cercospora,0.018314419334794125,0.2764847366898148,accepted,Cercospora,0.9961051940917969,False,False
val,cercospora/712af3b1b6715b635c8e.jpg,Cercospora,0.09543923165887264,0.17982313368055555,accepted,Cercospora,0.9987642765045166,False,False
val,cercospora/72a6e48842d0ad6d818c.jpg,Cercospora,0.015019379844961241,0.1306423611111111,accepted,Cercospora,0.9984070658683777,False,False
val,cercospora/748b92c4131d3e7c9af8.jpg,Cercospora,0.0023584905660377358,0.03833912037037037,accepted,Cercospora,0.9955180287361145,False,False
val,cercospora/78188f5797ace5fd7805.jpg,Cercospora,0.00336976320582878,0.09928385416666667,accepted,Cercospora,0.9908140301704407,False,False
val,cercospora/7db659f18703998d36be.jpg,Cercospora,0.01001040041601664,0.1391059027777778,accepted,Cercospora,0.9964274764060974,False,False
val,cercospora/891db988ee398784fc69.jpg,Cercospora,0.004475927295372281,0.23232241030092593,accepted,Cercospora,0.9979000091552734,False,False
val,cercospora/8b70634b0f0f7a096c7a.jpg,Cercospora,0.007402760351317441,0.07206669560185185,accepted,Cercospora,0.9977983832359314,False,False
val,cercospora/8bd75e568a4acd862039.jpg,Cercospora,0.015460369566368402,0.17078088831018517,accepted,Cercospora,0.9985734224319458,False,False
val,cercospora/902b25cab4c6e4841c92.jpg,Cercospora,0.004061021258563458,0.25605830439814814,uncertain,Cercospora,0.9317261576652527,False,False
val,cercospora/9206326b53c47230c0de.jpg,Cercospora,0.02061936495491964,0.3460015190972222,accepted,Cercospora,0.9943295121192932,False,False
val,cercospora/93c140949e163aed6cda.jpg,Cercospora,0.007962300942476437,0.05564597800925926,accepted,Cercospora,0.9959079027175903,False,False
val,cercospora/9450efe8c2d53db19031.jpg,Cercospora,0.000932635052729751,0.1260398582175926,accepted,Cercospora,0.9994257688522339,False,False
val,cercospora/94da1374a3eb3d878a19.jpg,Cercospora,0.01588100430576525,0.16170247395833334,accepted,Cercospora,0.9960773587226868,False,False
val,cercospora/97bfc78fea38070edda9.jpg,Cercospora,0.024956383220814685,0.11920392071759259,accepted,Cercospora,0.9993783235549927,False,False
val,cercospora/9b475cee9d52d546d481.jpg,Cercospora,0.004745312759250041,0.2724880642361111,accepted,Cercospora,0.9995972514152527,False,False
val,cercospora/9be16144c14c0a3dd297.jpg,Cercospora,0.03670363122417917,0.20792643229166666,accepted,Cercospora,0.9997391104698181,False,False
val,cercospora/9da8a7daa6c54ca44e63.jpg,Cercospora,0.019577609569199142,0.19352213541666666,uncertain,Cercospora,0.4870137870311737,False,False
val,cercospora/a16f9a89dd13aacb8298.jpg,Cercospora,0.005102962427745664,0.20023148148148148,accepted,Cercospora,0.9964895844459534,False,False
val,cercospora/a1ed2d1bb8b84c1dbcaa.jpg,Cercospora,0.002866370609608397,0.22397641782407407,accepted,Cercospora,0.9970086216926575,False,False
val,cercospora/a32634339d337fdbbd69.jpg,Cercospora,0.088546614194599,0.13326461226851852,accepted,Cercospora,0.9995606541633606,False,False
val,cercospora/a3988d868d6b0896e3fc.jpg,Cercospora,0.0006092607636068237,0.08904803240740741,accepted,Cercospora,0.9896788597106934,False,False
val,cercospora/a497c166c5331f0b0a21.jpg,Cercospora,0.00539589911667133,0.2262279369212963,accepted,Cercospora,0.962695300579071,False,False
val,cercospora/a881b61f15c0445230da.jpg,Cercospora,0.040773925464225425,0.20890299479166666,accepted,Cercospora,0.9920216202735901,False,False
val,cercospora/a90826a93efaa67cd758.jpg,Cercospora,0.03256578947368421,0.05497685185185185,accepted,Cercospora,0.9976242184638977,False,False
val,cercospora/afc418b7fed911ef42e9.jpg,Cercospora,0.013858267716535434,0.05741825810185185,uncertain,Cercospora,0.8190915584564209,False,False
val,cercospora/b40880046c5d8a693463.jpg,Cercospora,0.15791065846526167,0.08967194733796297,accepted,Cercospora,0.9539908170700073,False,False
val,cercospora/b7108524592e31bcb298.jpg,Cercospora,0.023412605239325125,0.26957646122685186,accepted,Cercospora,0.9970428347587585,False,False
val,cercospora/bb1341941fac5aebd6c0.jpg,Cercospora,0.0026471366804906027,0.10247576678240741,rejected,,,False,False
val,cercospora/c515488b48ec1ea5beb6.jpg,Cercospora,0.004496686651940676,0.11461950231481481,accepted,Cercospora,0.9985799789428711,False,False
val,cercospora/c7d39112e3ac6b573e52.jpg,Cercospora,0.010207939508506616,0.0717502170138889,accepted,Cercospora,0.9990068078041077,False,False
val,cercospora/c906d577e684a39160c0.jpg,Cercospora,0.039808052151868174,0.29960575810185186,accepted,Cercospora,0.977296769618988,False,False
val,cercospora/c955c90adfd11c95bf51.jpg,Cercospora,0.0,0.03860134548611111,accepted,Cercospora,0.9890843033790588,False,False
val,cercospora/c96032ac7bf98d8547db.jpg,Cercospora,0.0011464603038119805,0.06309678819444445,accepted,Cercospora,0.9989762306213379,False,False
val,cercospora/cc47700efbe3297798a9.jpg,Cercospora,0.00331387091683762,0.1719021267361111,accepted,Cercospora,0.9966756105422974,False,False
val,cercospora/cd6d5d53c9ffa2b2db5f.jpg,Cercospora,0.04974831316268609,0.1688548900462963,accepted,Cercospora,0.9988627433776855,False,False
val,cercospora/d0af46b83439420dbc30.jpg,Cercospora,0.012729068363875782,0.08240198206018519,accepted,Cercospora,0.9970030188560486,False,False
val,cercospora/d19e264bedb5f8e6e043.jpg,Cercospora,0.08315512010742528,0.18181242766203703,accepted,Cercospora,0.9994176626205444,False,False
val,cercospora/d26ca54c96263d9d44dd.jpg,Cercospora,0.006318654612617867,0.093017578125,accepted,Cercospora,0.9991092085838318,False,False
val,cercospora/d51c0482e0a7045245ad.jpg,Cercospora,0.03622766929788118,0.10882342303240741,accepted,Cercospora,0.9983826875686646,False,False
val,cercospora/dba0eba48553be843521.jpg,Cercospora,0.032160804020100506,0.1439525462962963,accepted,Cercospora,0.9984291195869446,False,False
val,cercospora/e42d9eb77f10c5786198.jpg,Cercospora,0.03172779496243924,0.10231300636574074,accepted,Cercospora,0.99933260679245,False,False
val,cercospora/e5b0a6ec00b6d1845a3d.jpg,Cercospora,0.05954118873826903,0.1734302662037037,accepted,Cercospora,0.9985646605491638,False,False
val,cercospora/f086aedd83141e5bdb99.jpg,Cercospora,0.13859579923084508,0.18339482060185186,accepted,Cercospora,0.9980998635292053,False,False
val,cercospora/f58a77d7038a6bfc936d.jpg,Cercospora,0.009851822186623949,0.11289243344907407,accepted,Cercospora,0.9527025818824768,False,False
val,cercospora/f86a76b2a9d74136250a.jpg,Cercospora,0.05088610218675511,0.0872486255787037,accepted,Cercospora,0.9955462217330933,False,False
val,cercospora/f894fe70def83fa84d3b.jpg,Cercospora,0.000366121552355382,0.14818431712962962,accepted,Cercospora,0.9969026446342468,False,False
val,cercospora/f8a287612906283c2e04.jpg,Cercospora,0.005649717514124294,0.0976291232638889,accepted,Cercospora,0.9975191354751587,False,False
val,cercospora/ff30a36714b3c0d6c24e.jpg,Cercospora,0.0,0.06027560763888889,uncertain,Cercospora,0.935346782207489,False,False
val,healthy/0f6d88831b7418498614.jpg,Healthy,0.0,0.3124728732638889,accepted,Healthy,0.9909127950668335,False,False
val,healthy/139c85a3aeb042dee711.jpg,Healthy,0.01664313252629742,0.7598982445987654,accepted,Healthy,0.9988868832588196,False,False
val,healthy/2c90e7c6c5fb4faa5696.jpg,Healthy,4.3952180028129396e-05,0.30859375,accepted,Healthy,0.994453489780426,False,False
val,healthy/3024d9f62bd820030cdf.jpg,Healthy,4.3952180028129396e-05,0.30859375,accepted,Healthy,0.9888452887535095,False,False
val,healthy/338c0224e505bf8448f3.jpg,Healthy,0.0013844023996308261,0.3820936414930556,accepted,Healthy,0.9960824251174927,False,False
val,healthy/34ce36ebbb3cb3aeabea.jpg,Healthy,0.0,0.3250054253472222,accepted,Healthy,0.9902774095535278,False,False
val,healthy/3adb90cc19cafca4c651.jpg,Healthy,0.0001301913813305559,0.3125406901041667,accepted,Healthy,0.9871888756752014,False,False
val,healthy/42a5625352848b84d2a0.jpg,Healthy,0.0003723701359150996,0.3642442491319444,accepted,Healthy,0.9970216155052185,False,False
val,healthy/443e3f5708becba6bdbf.jpg,Healthy,0.016065416065416064,0.4229736328125,accepted,Healthy,0.9966435432434082,False,False
val,healthy/4c6eecfbd25124edf45a.jpg,Healthy,0.0004407065995813287,0.3693169487847222,accepted,Healthy,0.9915329813957214,False,False
val,healthy/51bbbd79ee3a1189865a.jpg,Healthy,0.016362411370271744,0.4227566189236111,accepted,Healthy,0.9933651089668274,False,False
val,healthy/5d7ed63cb781f5b95d97.jpg,Healthy,0.0004407065995813287,0.3693169487847222,accepted,Healthy,0.9971778392791748,False,False
val,healthy/70bb63988fb716cecdb1.jpg,Healthy,0.016065416065416064,0.4229736328125,accepted,Healthy,0.9921560287475586,False,False
val,healthy/732ae12591e6227dbf79.jpg,Healthy,0.0,0.3251139322916667,accepted,Healthy,0.9918596148490906,False,False
val,healthy/73924ec5ec291be954e3.jpg,Healthy,0.0,0.3250054253472222,accepted,Healthy,0.9949321150779724,False,False
val,healthy/7542e6d035103321f08d.jpg,Healthy,0.0020061568261215456,0.3921305338541667,accepted,Healthy,0.9988069534301758,False,False
val,healthy/771d315699d32f6aff09.jpg,Healthy,0.0006609142647328804,0.3693983289930556,accepted,Healthy,0.9961877465248108,False,False
val,healthy/77747f1b2da7795240b4.jpg,Healthy,0.0,0.2922227647569444,accepted,Healthy,0.9951725602149963,False,False
val,healthy/77bb1801a23e193b285c.jpg,Healthy,0.0020072676933725556,0.3919135199652778,accepted,Healthy,0.9944884777069092,False,False
val,healthy/7f2eeccaa9446dc8ceb4.jpg,Healthy,0.0009521049799230037,0.3276502821180556,accepted,Healthy,0.9673179388046265,False,False
val,healthy/8dddf8ca6dac42069412.jpg,Healthy,0.016881028938906754,0.3037109375,uncertain,Healthy,0.760025680065155,False,False
val,healthy/9454be6baaf09b6ae367.jpg,Healthy,0.0006609142647328804,0.3693983289930556,accepted,Healthy,0.9879533052444458,False,False
val,healthy/9e4065f8b6dbb43f09b1.jpg,Healthy,0.016881028938906754,0.3037109375,accepted,Healthy,0.982172429561615,False,False
val,healthy/a08ddbc5d3e772b3b2cf.jpg,Healthy,0.0003723701359150996,0.3642442491319444,accepted,Healthy,0.9970833659172058,False,False
val,healthy/a5a499b8fb29160c0473.jpg,Healthy,0.0009937065253395165,0.3275824652777778,accepted,Healthy,0.9931713342666626,False,False
val,healthy/b318073cacd07821fba7.jpg,Healthy,0.0009937065253395165,0.3275824652777778,uncertain,Healthy,0.9376571178436279,False,False
val,healthy/b5f35a35ef2034f807e3.jpg,Healthy,0.0,0.3124728732638889,accepted,Healthy,0.9935675263404846,False,False
val,healthy/b93ce31688be3b18a59b.jpg,Healthy,4.394831677946735e-05,0.3086208767361111,accepted,Healthy,0.9937217831611633,False,False
val,healthy/bce25abbe9dce75ec9ab.jpg,Healthy,0.0,0.2921006944444444,accepted,Healthy,0.9958859086036682,False,False
val,healthy/bffca411577a42d52ba2.jpg,Healthy,0.00033504578959124413,0.3643391927083333,accepted,Healthy,0.9973763227462769,False,False
val,healthy/c24278257514c33db035.jpg,Healthy,0.0,0.3251139322916667,accepted,Healthy,0.9973618388175964,False,False
val,healthy/c54f207a9c92ae69dc98.jpg,Healthy,0.0009521049799230037,0.3276502821180556,accepted,Healthy,0.985997200012207,False,False
val,healthy/c8eb39254e29f29543ce.jpg,Healthy,0.016959742926001962,0.3039008246527778,uncertain,Healthy,0.8239286541938782,False,False
val,healthy/ca121f153ec18cc2e63d.jpg,Healthy,0.016959742926001962,0.3039008246527778,accepted,Healthy,0.9595906138420105,False,False
val,healthy/cb1f5f02b806e4b8bb58.jpg,Healthy,0.0001301913813305559,0.3125406901041667,accepted,Healthy,0.9926832318305969,False,False
val,healthy/cc7bfff32510bea41399.jpg,Healthy,4.394831677946735e-05,0.3086208767361111,accepted,Healthy,0.9946615099906921,False,False
val,healthy/d7ee5954bdc5d0f1d2ec.jpg,Healthy,0.00033504578959124413,0.3643391927083333,accepted,Healthy,0.9960826635360718,False,False
val,healthy/d801f6fa30ce8f22693f.jpg,Healthy,0.0020061568261215456,0.3921305338541667,accepted,Healthy,0.9966728687286377,False,False
val,healthy/e94882dee220a6398a13.jpg,Healthy,0.0020072676933725556,0.3919135199652778,accepted,Healthy,0.9980754852294922,False,False
val,healthy/ead0a0eeb5ab86206d46.jpg,Healthy,0.016362411370271744,0.4227566189236111,accepted,Healthy,0.9922317266464233,False,False
val,healthy/f739029539f595270dbc.jpg,Healthy,0.0,0.2921006944444444,accepted,Healthy,0.9962019324302673,False,False
val,healthy/f749a10ef48cf5f3ea8c.jpg,Healthy,0.0013844023996308261,0.3820936414930556,accepted,Healthy,0.9913448095321655,False,False
val,healthy/fb9c603dcbb11f5c1f9e.jpg,Healthy,0.001741007695254013,0.3895263671875,accepted,Healthy,0.9976557493209839,False,False
val,leaf_rust/0036b59e689c8a1d5ee4.jpg,Leaf Rust,0.22073969317797523,0.29411711516203703,accepted,Leaf Rust,0.9977849125862122,False,False
val,leaf_rust/02f924d19ac5aa9ec5c3.jpg,Leaf Rust,0.09075036374974017,0.21751121238425927,accepted,Leaf Rust,0.9947786331176758,False,False
val,leaf_rust/0359af9334a3552276ed.jpg,Leaf Rust,0.020718536477848798,0.3076850043402778,accepted,Leaf Rust,0.99887615442276,False,False
val,leaf_rust/039b283932dd1bd690e5.jpg,Leaf Rust,0.2053482425345642,0.20863172743055555,accepted,Leaf Rust,0.9987358450889587,False,False
val,leaf_rust/065325c4e49d55ca43ae.jpg,Leaf Rust,0.18988562766983602,0.13123914930555555,accepted,Leaf Rust,0.9947354197502136,False,False
val,leaf_rust/092f0ee4539ffe44ae85.jpg,Leaf Rust,0.05463798147245246,0.4450954861111111,accepted,Leaf Rust,0.9532318711280823,False,False
val,leaf_rust/0e6b564b9a03e794d170.jpg,Leaf Rust,0.1139369729249889,0.20372178819444445,rejected,,,False,False
val,leaf_rust/112651f07eb9b3d28b81.jpg,Leaf Rust,0.25597079037800685,0.2105034722222222,accepted,Leaf Rust,0.9890822172164917,False,False
val,leaf_rust/11db3a1e2df5ac97efac.jpg,Leaf Rust,0.009592529711375213,0.3195529513888889,accepted,Leaf Rust,0.9962576627731323,False,False
val,leaf_rust/144734f5758530b0b224.jpg,Leaf Rust,0.09449644327967054,0.3622775607638889,accepted,Leaf Rust,0.9960739612579346,False,False
val,leaf_rust/17dcc49d38ea8cfbf65b.jpg,Leaf Rust,0.009569794249423638,0.3118082682291667,accepted,Leaf Rust,0.9477220177650452,False,False
val,leaf_rust/18fea74976bd5162a330.jpg,Leaf Rust,0.057784370575146654,0.13410554108796297,accepted,Leaf Rust,0.9962862730026245,False,False
val,leaf_rust/193f2cd471cb6865552d.jpg,Leaf Rust,0.24896701975809482,0.120361328125,accepted,Leaf Rust,0.997664213180542,False,False
val,leaf_rust/1dbeb2ead626e8bb0846.jpg,Leaf Rust,0.018351660475892758,0.3688015407986111,accepted,Leaf Rust,0.9982805252075195,False,False
val,leaf_rust/1e529559803dbd282016.jpg,Leaf Rust,0.03386876799515078,0.11933955439814815,uncertain,Leaf Rust,0.8675005435943604,False,False
val,leaf_rust/223c558d1a229622e46c.jpg,Leaf Rust,0.031857381902432744,0.14049840856481483,accepted,Leaf Rust,0.998472273349762,False,False
val,leaf_rust/23e61efacf263521b779.jpg,Leaf Rust,0.04279807799754162,0.08091905381944445,accepted,Leaf Rust,0.9940484762191772,False,False
val,leaf_rust/275ab917063ba8620dfa.jpg,Leaf Rust,0.05463798147245246,0.4450954861111111,uncertain,Leaf Rust,0.926747739315033,False,False
val,leaf_rust/28c0945d053e48094ae8.jpg,Leaf Rust,0.11197321136883372,0.4982096354166667,accepted,Leaf Rust,0.9978280663490295,False,False
val,leaf_rust/2921c1de224fe5a79061.jpg,Leaf Rust,0.09449644327967054,0.3622775607638889,accepted,Leaf Rust,0.9967584013938904,False,False
val,leaf_rust/2924e6c28693c3b31a1c.jpg,Leaf Rust,0.04526946107784431,0.1132541232638889,accepted,Leaf Rust,0.9952730536460876,False,False
val,leaf_rust/29b0d8580845e754e98d.jpg,Leaf Rust,0.18349504577090547,0.2637351707175926,accepted,Leaf Rust,0.9963626265525818,False,False
val,leaf_rust/2a1fb9654be7aadace1d.jpg,Leaf Rust,0.04614181438998957,0.10405815972222222,accepted,Leaf Rust,0.9990177154541016,False,False
val,leaf_rust/2a236deb37d9d40acc91.jpg,Leaf Rust,0.009861751152073732,0.09810836226851852,accepted,Leaf Rust,0.9955379962921143,False,False
val,leaf_rust/2a5b78d28dbe15c0720a.jpg,Leaf Rust,0.13934034416826005,0.07566550925925926,accepted,Leaf Rust,0.9587578773498535,False,False
val,leaf_rust/343eb250ffac6da3711f.jpg,Leaf Rust,0.21514215967834577,0.25188078703703703,accepted,Leaf Rust,0.9941797256469727,False,False
val,leaf_rust/35132746d751677ebb15.jpg,Leaf Rust,0.24558823529411763,0.09223090277777778,accepted,Leaf Rust,0.9980213642120361,False,False
val,leaf_rust/3736bcb35d2f15da2f26.jpg,Leaf Rust,0.19690893084221853,0.1848777488425926,accepted,Leaf Rust,0.9983555674552917,False,False
val,leaf_rust/3834eea35872c97598f3.jpg,Leaf Rust,0.009592529711375213,0.3195529513888889,accepted,Leaf Rust,0.9768001437187195,False,False
val,leaf_rust/3cd02be2c1d81689a80e.jpg,Leaf Rust,0.5073039896546769,0.18879304108796297,accepted,Leaf Rust,0.9980781078338623,False,False
val,leaf_rust/3ce504db40602e323745.jpg,Leaf Rust,0.009569794249423638,0.3118082682291667,accepted,Leaf Rust,0.9607405662536621,False,False
val,leaf_rust/3e1a4ec0298545f9b578.jpg,Leaf Rust,0.020718536477848798,0.3076850043402778,accepted,Leaf Rust,0.9993422627449036,False,False
val,leaf_rust/3e771b0e67defe29351c.jpg,Leaf Rust,0.07281423207580905,0.3034396701388889,accepted,Leaf Rust,0.9987694621086121,False,False
val,leaf_rust/4002b38ba7d2c2a36942.jpg,Leaf Rust,0.06179834225160004,0.086181640625,accepted,Leaf Rust,0.9963458180427551,False,False
val,leaf_rust/4432b4d6a72cb14598c1.jpg,Leaf Rust,0.37491463692237653,0.07944516782407407,accepted,Leaf Rust,0.9951935410499573,False,False
val,leaf_rust/47e9beff6113d963660c.jpg,Leaf Rust,0.04431926878520565,0.08507848668981481,accepted,Leaf Rust,0.9945634007453918,False,False
val,leaf_rust/483e4e9da683d499e5b2.jpg,Leaf Rust,0.09605509216658256,0.4569363064236111,accepted,Leaf Rust,0.9968782663345337,False,False
val,leaf_rust/48b1171328c6aeff77bb.jpg,Leaf Rust,0.009890902916330602,0.3195122612847222,accepted,Leaf Rust,0.9875838160514832,False,False
val,leaf_rust/49a9c1ef1225b32a1ad5.jpg,Leaf Rust,0.18859364873622814,0.09766529224537036,accepted,Leaf Rust,0.992745041847229,False,False
val,leaf_rust/4aa9b30fcda900a52f43.jpg,Leaf Rust,0.17576638294927688,0.1306694878472222,accepted,Leaf Rust,0.9990561604499817,False,False
val,leaf_rust/514fdce1fa8cf51bb19b.jpg,Leaf Rust,0.09664389664389664,0.4566786024305556,accepted,Leaf Rust,0.9959298968315125,False,False
val,leaf_rust/546508968042c5c746a7.jpg,Leaf Rust,0.06117375477226316,0.10184280960648148,accepted,Cercospora,0.9879155158996582,True,True
val,leaf_rust/555d80b60767d6680cba.jpg,Leaf Rust,0.15076979376323288,0.34592918113425924,accepted,Leaf Rust,0.9897158741950989,False,False
val,leaf_rust/5739b1f954ac2ab8e836.jpg,Leaf Rust,0.5655289003381098,0.11232277199074074,accepted,Leaf Rust,0.9926067590713501,False,False
val,leaf_rust/59195dab60dec4793e41.jpg,Leaf Rust,0.18829964328180737,0.19011320891203703,accepted,Leaf Rust,0.9638170599937439,False,False
val,leaf_rust/623f91073eea3bd10894.jpg,Leaf Rust,0.16126068179729855,0.09840675636574074,accepted,Leaf Rust,0.9838491678237915,False,False
val,leaf_rust/6310f633bf5480b33252.jpg,Leaf Rust,0.009890902916330602,0.3195122612847222,accepted,Leaf Rust,0.9841393232345581,False,False
val,leaf_rust/6419f742a1a7b85e965d.jpg,Leaf Rust,0.0724275054733926,0.3035617404513889,accepted,Leaf Rust,0.9984427094459534,False,False
val,leaf_rust/6aac40c82f5dc9c6526b.jpg,Leaf Rust,0.23937153419593346,0.15653935185185186,accepted,Leaf Rust,0.9970880150794983,False,False
val,leaf_rust/6d2eda3548d3e5dc0545.jpg,Leaf Rust,0.2235856717495263,0.10021520543981481,accepted,Leaf Rust,0.9947022795677185,False,False
val,leaf_rust/6e71baa6f3226ecb0095.jpg,Leaf Rust,0.3830732553099263,0.16688368055555555,accepted,Leaf Rust,0.9959909319877625,False,False
val,leaf_rust/7648792fe748cb501f7e.jpg,Leaf Rust,0.24823418615601947,0.23043258101851852,accepted,Leaf Rust,0.994809627532959,False,False
val,leaf_rust/7b356ec8f8d6c81341c6.jpg,Leaf Rust,0.533430121494613,0.11833586516203703,accepted,Leaf Rust,0.9929621815681458,False,False
val,leaf_rust/7cb044142af468cb4861.jpg,Leaf Rust,0.01794843502887197,0.3687744140625,accepted,Leaf Rust,0.995510458946228,False,False
val,leaf_rust/80e6696c6b330565894e.jpg,Leaf Rust,0.7023184385217478,0.1825267650462963,accepted,Leaf Rust,0.996334433555603,False,False
val,leaf_rust/81a5a41b1a984ef6c2a2.jpg,Leaf Rust,0.05856057219490389,0.2225025318287037,accepted,Leaf Rust,0.9987325072288513,False,False
val,leaf_rust/81d7caac12c57fb5e451.jpg,Leaf Rust,0.07342157038096941,0.3033311631944444,accepted,Leaf Rust,0.9992152452468872,False,False
val,leaf_rust/82df70282ea1d30fc3ba.jpg,Leaf Rust,0.03181733108740408,0.09662543402777778,accepted,Leaf Rust,0.9962053894996643,False,False
val,leaf_rust/893febd1d1086e89ff1d.jpg,Leaf Rust,0.2066428421273912,0.0860279224537037,accepted,Cercospora,0.996856689453125,True,True
val,leaf_rust/8ac0ca5d84cd2fe84dd9.jpg,Leaf Rust,0.2727655986509275,0.08579282407407407,accepted,Leaf Rust,0.9951903820037842,False,False
val,leaf_rust/93bd5832639a2c9144bb.jpg,Leaf Rust,0.17791868705706826,0.16969581886574073,accepted,Leaf Rust,0.998960018157959,False,False
val,leaf_rust/956e44c782951d765399.jpg,Leaf Rust,0.09917463644700641,0.06901945891203703,accepted,Leaf Rust,0.9952999353408813,False,False
val,leaf_rust/95e623318c8decabe57d.jpg,Leaf Rust,0.4135032416722558,0.20222981770833334,accepted,Leaf Rust,0.9892794489860535,False,False
val,leaf_rust/9647d3ce0113b5be4a18.jpg,Leaf Rust,0.020577219651905707,0.3078206380208333,accepted,Leaf Rust,0.999594509601593,False,False
val,leaf_rust/96ed6801aca171ee319c.jpg,Leaf Rust,0.4188333968738086,0.11858904803240741,accepted,Leaf Rust,0.9969646334648132,False,False
val,leaf_rust/97cd02acade79428d551.jpg,Leaf Rust,0.15470233840498315,0.08855070891203703,accepted,Leaf Rust,0.9974125027656555,False,False
val,leaf_rust/98ac3889ab5dd4e2fa25.jpg,Leaf Rust,0.11197321136883372,0.4982096354166667,accepted,Leaf Rust,0.9960964322090149,False,False
val,leaf_rust/9aa95d357e9baec30856.jpg,Leaf Rust,0.055210048167794644,0.4449055989583333,uncertain,Leaf Rust,0.8829865455627441,False,False
val,leaf_rust/9c241ec62985b1bdca31.jpg,Leaf Rust,0.057175648181960456,0.17333080150462962,accepted,Leaf Rust,0.999135434627533,False,False
val,leaf_rust/9ef9c336bd91fcc82388.jpg,Leaf Rust,0.009609531263588138,0.3119303385416667,accepted,Leaf Rust,0.9886245727539062,False,False
val,leaf_rust/9f66bbc01ee1bfd81bbc.jpg,Leaf Rust,0.06839729119638827,0.08011429398148148,accepted,Leaf Rust,0.9978721141815186,False,False
val,leaf_rust/a35cf89dfaaf5fa5680f.jpg,Leaf Rust,0.09351116439382587,0.3620334201388889,accepted,Leaf Rust,0.9967003464698792,False,False
val,leaf_rust/a3ac156280d2496e7fce.jpg,Leaf Rust,0.15362600296417436,0.17692961516203703,accepted,Leaf Rust,0.9992369413375854,False,False
val,leaf_rust/a73d6539ec2a80aa881c.jpg,Leaf Rust,0.11538559462280724,0.5327284071180556,accepted,Leaf Rust,0.997657299041748,False,False
val,leaf_rust/ad1ed4f811a755566bb1.jpg,Leaf Rust,0.3220692804488225,0.1386085792824074,accepted,Leaf Rust,0.9979006052017212,False,False
val,leaf_rust/aeda72f212e8e7c5b46a.jpg,Leaf Rust,0.07245923609559973,0.3036159939236111,accepted,Leaf Rust,0.9991216063499451,False,False
val,leaf_rust/af4d648de251e9278fa9.jpg,Leaf Rust,0.10370657367945241,0.07001410590277778,accepted,Leaf Rust,0.977861225605011,False,False
val,leaf_rust/b124c69346f73ff40f43.jpg,Leaf Rust,0.09664389664389664,0.4566786024305556,accepted,Leaf Rust,0.9964633584022522,False,False
val,leaf_rust/b4278647be7074a88d5e.jpg,Leaf Rust,0.2727320702939469,0.17134150752314814,accepted,Leaf Rust,0.9991732239723206,False,False
val,leaf_rust/b461e7b64c48a2ccb380.jpg,Leaf Rust,0.18103891650951484,0.1582302517361111,accepted,Leaf Rust,0.9982978701591492,False,False
val,leaf_rust/b78fa23dbda8d3557d54.jpg,Leaf Rust,0.05130152942368075,0.17854817708333334,accepted,Leaf Rust,0.9968243837356567,False,False
val,leaf_rust/b7eb333d4bc4158dc927.jpg,Leaf Rust,0.22046476125858705,0.21323423032407407,accepted,Leaf Rust,0.9967138767242432,False,False
val,leaf_rust/bd1d4a682d3d1a38f324.jpg,Leaf Rust,0.23667711598746083,0.1384548611111111,accepted,Leaf Rust,0.9968066215515137,False,False
val,leaf_rust/bee076399e35d1381e00.jpg,Leaf Rust,0.01794843502887197,0.3687744140625,accepted,Leaf Rust,0.9988273978233337,False,False
val,leaf_rust/c25208fa94d83bf99051.jpg,Leaf Rust,0.14458131143461492,0.07267252604166667,accepted,Leaf Rust,0.9963226318359375,False,False
val,leaf_rust/c5961a40dc33c1257c04.jpg,Leaf Rust,0.13375936535918906,0.12310112847222222,accepted,Leaf Rust,0.9976593255996704,False,False
val,leaf_rust/c8d77dd87b58780ea9c1.jpg,Leaf Rust,0.08194657660423703,0.29450593171296297,accepted,Leaf Rust,0.9982970356941223,False,False
val,leaf_rust/cf110a84330093f3226d.jpg,Leaf Rust,0.3178182771732005,0.13793041087962962,accepted,Leaf Rust,0.9975748658180237,False,False
val,leaf_rust/cf43c5a2966c55691685.jpg,Leaf Rust,0.360262891809909,0.17885561342592593,accepted,Leaf Rust,0.9961716532707214,False,False
val,leaf_rust/d0d26480e0f12452c164.jpg,Leaf Rust,0.0361224221725995,0.06883861400462964,accepted,Leaf Rust,0.9705426692962646,False,False
val,leaf_rust/d446d870e0bff2c504f1.jpg,Leaf Rust,0.6088684538653366,0.11603009259259259,accepted,Leaf Rust,0.9932897686958313,False,False
val,leaf_rust/d4c491abdcb23d0e9a08.jpg,Leaf Rust,0.2017619544979792,0.19911928530092593,accepted,Leaf Rust,0.9981107711791992,False,False
val,leaf_rust/d55fa28e7ddcf66aeba6.jpg,Leaf Rust,0.21575007107432795,0.2862503616898148,accepted,Leaf Rust,0.9711760878562927,False,False
val,leaf_rust/da11546ad387782b3324.jpg,Leaf Rust,0.09351116439382587,0.3620334201388889,accepted,Leaf Rust,0.9956455230712891,False,False
val,leaf_rust/ddb2e3572b92fb0f8d78.jpg,Leaf Rust,0.42587992972678257,0.1492603443287037,accepted,Leaf Rust,0.9823182821273804,False,False
val,leaf_rust/e08cba86f6dbef5b9a19.jpg,Leaf Rust,0.009746895142273228,0.05751772280092592,accepted,Leaf Rust,0.9900627732276917,False,False
val,leaf_rust/e0ec667d41cd9a3f208d.jpg,Leaf Rust,0.04732800501488795,0.057698567708333336,accepted,Leaf Rust,0.9927611351013184,False,False
val,leaf_rust/e2174aac64b71ea4742e.jpg,Leaf Rust,0.2455486227362654,0.11883318865740741,accepted,Leaf Rust,0.9961724877357483,False,False
val,leaf_rust/e4cd81e53f02004d4578.jpg,Leaf Rust,0.08185114833362114,0.10472728587962964,accepted,Leaf Rust,0.9974422454833984,False,False
val,leaf_rust/e5b38ca77eb0c9fd2a3a.jpg,Leaf Rust,0.03119118979577612,0.2594581886574074,accepted,Leaf Rust,0.9926060438156128,False,False
val,leaf_rust/e77d3b1af4e113e50a3d.jpg,Leaf Rust,0.09537174618898245,0.164306640625,accepted,Leaf Rust,0.995087206363678,False,False
val,leaf_rust/e8852a827f8afddf5ea3.jpg,Leaf Rust,0.009609531263588138,0.3119303385416667,uncertain,Leaf Rust,0.8700847625732422,False,False
val,leaf_rust/eb20388b199998f44aad.jpg,Leaf Rust,0.05688365008939805,0.13654694733796297,accepted,Leaf Rust,0.9914132356643677,False,False
val,leaf_rust/ed5a14a3a7faa19428ab.jpg,Leaf Rust,0.11210066181877604,0.4980061848958333,accepted,Leaf Rust,0.998717188835144,False,False
val,leaf_rust/f077fc3c1011d95095e1.jpg,Leaf Rust,0.055210048167794644,0.4449055989583333,uncertain,Leaf Rust,0.8728432059288025,False,False
val,leaf_rust/f146e17385bb95efce9b.jpg,Leaf Rust,0.21608741696351208,0.18784360532407407,accepted,Leaf Rust,0.9971269965171814,False,False
val,leaf_rust/f81968d06d082a1614fe.jpg,Leaf Rust,0.03502776591200342,0.04233579282407408,accepted,Leaf Rust,0.9991410970687866,False,False
val,leaf_rust/f9a6031d49848ea82d8d.jpg,Leaf Rust,0.045176588044427805,0.07245551215277778,accepted,Leaf Rust,0.9642142653465271,False,False
val,leaf_rust/fea31e73668b15832e00.jpg,Leaf Rust,0.018351660475892758,0.3688015407986111,accepted,Leaf Rust,0.9992775321006775,False,False
val,leaf_rust/fed4bb32b80d7d2b3bd0.jpg,Leaf Rust,0.20662339091209153,0.2465549045138889,accepted,Leaf Rust,0.9988712668418884,False,False
val,phoma/028966a959ccc27b848a.jpg,Phoma,0.03587171788155625,0.4246148003472222,accepted,Phoma,0.9974998831748962,False,False
val,phoma/0e3fdfccbbcdba6058a7.jpg,Phoma,0.027259744623655914,0.3229166666666667,accepted,Phoma,0.9978365302085876,False,False
val,phoma/0fffd702324661e504e2.jpg,Phoma,0.10413558512860298,0.22728135850694445,accepted,Phoma,0.9982692003250122,False,False
val,phoma/1739d2777eed8b433118.jpg,Phoma,0.12068262170247485,0.1994900173611111,accepted,Phoma,0.9989118576049805,False,False
val,phoma/188b81f3302d6d059d43.jpg,Phoma,0.12069082749711021,0.19947645399305555,accepted,Phoma,0.9975526928901672,False,False
val,phoma/1bb1b0c3d723861d0f2f.jpg,Phoma,0.05208863983698421,0.3194986979166667,accepted,Phoma,0.9864335060119629,False,False
val,phoma/1cf96eb14b29c51cc92c.jpg,Phoma,0.10359017175572519,0.22743055555555555,accepted,Phoma,0.9890885949134827,False,False
val,phoma/25a2d3d81077a45fac63.jpg,Phoma,0.05528597132108391,0.4975314670138889,accepted,Phoma,0.9717241525650024,False,False
val,phoma/29955b39d9798e1ed86f.jpg,Phoma,0.037101508635401736,0.3973795572916667,accepted,Phoma,0.9908000826835632,False,False
val,phoma/2ab4d7d36df080ceb547.jpg,Phoma,0.10359017175572519,0.22743055555555555,accepted,Phoma,0.9963229894638062,False,False
val,phoma/2e3ee00e3ba555459c0e.jpg,Phoma,0.11230418093163191,0.261474609375,accepted,Phoma,0.996660590171814,False,False
val,phoma/2f187c415624ce92448b.jpg,Phoma,0.05505696179347229,0.3702663845486111,accepted,Phoma,0.997346043586731,False,False
val,phoma/332b86b54567ffd3c3e0.jpg,Phoma,0.058340468591889155,0.3484971788194444,accepted,Phoma,0.9931635856628418,False,False
val,phoma/361b55c496278fc249c2.jpg,Phoma,0.059209726443769,0.2231174045138889,accepted,Phoma,0.9958431124687195,False,False
val,phoma/3a8c660251bfc4463953.jpg,Phoma,0.051364774801545186,0.3195122612847222,accepted,Phoma,0.9904407262802124,False,False
val,phoma/402809a7d7112525d53e.jpg,Phoma,0.05528597132108391,0.4975314670138889,accepted,Phoma,0.9565877914428711,False,False
val,phoma/428d556fc57ab7f91e48.jpg,Phoma,0.05736509479824988,0.2231987847222222,accepted,Phoma,0.9952747821807861,False,False
val,phoma/4325d6d8269be8abb04c.jpg,Phoma,0.058340468591889155,0.3484971788194444,accepted,Phoma,0.9911523461341858,False,False
val,phoma/4424f76b16897c7ae2bd.jpg,Phoma,0.03587171788155625,0.4246148003472222,accepted,Phoma,0.9964313507080078,False,False
val,phoma/44aa462cdeb31d9e5c57.jpg,Phoma,0.02711551376762928,0.3231336805555556,accepted,Phoma,0.9742254018783569,False,False
val,phoma/464fd7660e65ef504e03.jpg,Phoma,0.12068262170247485,0.1994900173611111,accepted,Phoma,0.9960779547691345,False,False
val,phoma/51fb0a592145634f6ea1.jpg,Phoma,0.06392821313120053,0.2433539496527778,accepted,Phoma,0.9789109230041504,False,False
val,phoma/57b39ed0a9e3378aac56.jpg,Phoma,0.037101508635401736,0.3973795572916667,accepted,Phoma,0.9801945686340332,False,False
val,phoma/592c51e55c4320e9dc0f.jpg,Phoma,0.15478801169590642,0.296875,accepted,Phoma,0.9836961030960083,False,False
val,phoma/59d103c57b32e1dcede8.jpg,Phoma,0.0771554091158704,0.24698893229166666,accepted,Phoma,0.9727070331573486,False,False
val,phoma/5bfec1cd818c052bf79e.jpg,Phoma,0.029708410187983203,0.3456081814236111,accepted,Phoma,0.9780233502388,False,False
val,phoma/5c4b007a85a5b197c501.jpg,Phoma,0.0378208629164391,0.3973524305555556,accepted,Phoma,0.9952567219734192,False,False
val,phoma/6502bdb1b2335a38201e.jpg,Phoma,0.03513254551261578,0.4246690538194444,accepted,Phoma,0.9948291182518005,False,False
val,phoma/671aecfb662893d6e18a.jpg,Phoma,0.10175438596491228,0.2512613932291667,accepted,Phoma,0.9976154565811157,False,False
val,phoma/799e887003f4b638d31e.jpg,Phoma,0.03513254551261578,0.4246690538194444,accepted,Phoma,0.995267927646637,False,False
val,phoma/7a8d8308857ea9ad9e8d.jpg,Phoma,0.11055771725032426,0.2614339192708333,accepted,Phoma,0.9976671934127808,False,False
val,phoma/7b1f8cae36e1106ca76e.jpg,Phoma,0.06392821313120053,0.2433539496527778,accepted,Phoma,0.9892563819885254,False,False
val,phoma/7b6837a00f74e88c2db4.jpg,Phoma,0.05736509479824988,0.2231987847222222,accepted,Phoma,0.9956282377243042,False,False
val,phoma/803d7b44667b5014e1fa.jpg,Phoma,0.06474098031561924,0.2432318793402778,accepted,Phoma,0.9676482081413269,False,False
val,phoma/8400244e0d6b568f968b.jpg,Phoma,0.12069082749711021,0.19947645399305555,accepted,Phoma,0.9950045943260193,False,False
val,phoma/84d0c1000655e257111a.jpg,Phoma,0.15416952250399818,0.2968343098958333,accepted,Phoma,0.9848745465278625,False,False
val,phoma/85762e1bfe53264c9257.jpg,Phoma,0.02711551376762928,0.3231336805555556,accepted,Phoma,0.9905833005905151,False,False
val,phoma/86ca8b5728963dbaa682.jpg,Phoma,0.05811599844297392,0.3484429253472222,accepted,Phoma,0.9946287274360657,False,False
val,phoma/8b72c92d8354cd17cc3a.jpg,Phoma,0.0378208629164391,0.3973524305555556,accepted,Phoma,0.9946349859237671,False,False
val,phoma/8c32d63d0750cfa921bf.jpg,Phoma,0.027259744623655914,0.3229166666666667,accepted,Phoma,0.989544689655304,False,False
val,phoma/904ac592e06f24dc819f.jpg,Phoma,0.029708410187983203,0.3456081814236111,accepted,Phoma,0.9922810196876526,False,False
val,phoma/92741dc6192e4b0d974b.jpg,Phoma,0.07745512433441291,0.24708387586805555,accepted,Phoma,0.9961104989051819,False,False
val,phoma/95fd1dc6e9dc2b55497a.jpg,Phoma,0.10134916351861846,0.2513292100694444,accepted,Phoma,0.989985466003418,False,False
val,phoma/9699d313deea74b43514.jpg,Phoma,0.05453613156063436,0.3703206380208333,accepted,Phoma,0.9902695417404175,False,False
val,phoma/af7aab5d29c3ba367749.jpg,Phoma,0.0771554091158704,0.24698893229166666,accepted,Phoma,0.996951699256897,False,False
val,phoma/b2728a830822ca8e26d5.jpg,Phoma,0.04146308050595918,0.2970241970486111,accepted,Phoma,0.9917136430740356,False,False
val,phoma/b4b034ee70e48721827c.jpg,Phoma,0.10175438596491228,0.2512613932291667,accepted,Phoma,0.9984058737754822,False,False
val,phoma/bd1b63615cd63abb8411.jpg,Phoma,0.04089456869009585,0.2971733940972222,accepted,Phoma,0.9868594408035278,False,False
val,phoma/be938a34a058a3e6dc02.jpg,Phoma,0.07745512433441291,0.24708387586805555,accepted,Phoma,0.9692061543464661,False,False
val,phoma/c356c718dc5a6c72de19.jpg,Phoma,0.06474098031561924,0.2432318793402778,accepted,Phoma,0.994295060634613,False,False
val,phoma/c39710e68983192b194c.jpg,Phoma,0.05811599844297392,0.3484429253472222,accepted,Phoma,0.993421733379364,False,False
val,phoma/c72f9f28692d0efd713e.jpg,Phoma,0.10134916351861846,0.2513292100694444,accepted,Phoma,0.9988250136375427,False,False
val,phoma/cb536c21c08b40becd3b.jpg,Phoma,0.04146308050595918,0.2970241970486111,uncertain,Phoma,0.918020486831665,False,False
val,phoma/cd3bc5a3614379b3751e.jpg,Phoma,0.05453613156063436,0.3703206380208333,accepted,Phoma,0.996027946472168,False,False
val,phoma/d448ff29586ba2a269b3.jpg,Phoma,0.10413558512860298,0.22728135850694445,accepted,Phoma,0.9889161586761475,False,False
val,phoma/d4cc833a1b0e7900e719.jpg,Phoma,0.15416952250399818,0.2968343098958333,accepted,Phoma,0.9840136170387268,False,False
val,phoma/d6adfd50d5783e5596ed.jpg,Phoma,0.055210207753966956,0.4974772135416667,accepted,Phoma,0.9522808790206909,False,False
val,phoma/d9d6d5fefcb948e7224f.jpg,Phoma,0.029401373895976447,0.3455268012152778,accepted,Phoma,0.9904419779777527,False,False
val,phoma/de47e4131e3ccc7652ca.jpg,Phoma,0.029401373895976447,0.3455268012152778,accepted,Phoma,0.987337052822113,False,False
val,phoma/e4e41e932b7d1cb2f984.jpg,Phoma,0.059209726443769,0.2231174045138889,accepted,Phoma,0.9936367273330688,False,False
val,phoma/e74b3c4811570fdca596.jpg,Phoma,0.055210207753966956,0.4974772135416667,accepted,Phoma,0.9803962707519531,False,False
val,phoma/ec8d57672bd0968e8322.jpg,Phoma,0.04089456869009585,0.2971733940972222,accepted,Phoma,0.974820613861084,False,False
val,phoma/f0e72ed858316c4eac60.jpg,Phoma,0.15478801169590642,0.296875,accepted,Phoma,0.9868261218070984,False,False
val,phoma/f5d56e96e91b2579a93e.jpg,Phoma,0.05208863983698421,0.3194986979166667,accepted,Phoma,0.9881618618965149,False,False
val,phoma/f7c29449b239c69cdd02.jpg,Phoma,0.11055771725032426,0.2614339192708333,accepted,Phoma,0.9980615973472595,False,False
val,phoma/fad797fe5e55e7fdc476.jpg,Phoma,0.051364774801545186,0.3195122612847222,accepted,Phoma,0.973152756690979,False,False
val,phoma/fc464d132586bc88222d.jpg,Phoma,0.05505696179347229,0.3702663845486111,accepted,Phoma,0.994178056716919,False,False
val,phoma/fd84ec5b0dca2929bc42.jpg,Phoma,0.11230418093163191,0.261474609375,accepted,Phoma,0.992957353591919,False,False
val,phoma/ffad29713fa0a663430d.jpg,Phoma,0.08423505909771933,0.10863353587962964,uncertain,Cercospora,0.9448344707489014,False,True
test,cercospora/00d15b48c2f441df45cf.jpg,Cercospora,0.009274345156034591,0.07214807581018519,accepted,Cercospora,0.999212384223938,False,False
test,cercospora/118b3da022ef2623c477.jpg,Cercospora,0.0035820533058102118,0.14893482349537038,accepted,Cercospora,0.9992092251777649,False,False
test,cercospora/124fdc979a59e5af72ef.jpg,Cercospora,0.02791968634905548,0.07610857928240741,accepted,Cercospora,0.998445451259613,False,False
test,cercospora/12d653a1073ff5b4f1b6.jpg,Cercospora,0.024240833114553252,0.20665147569444445,accepted,Cercospora,0.9981037378311157,False,False
test,cercospora/187a40e79b00e68ff595.jpg,Cercospora,0.12780433983082015,0.04917173032407408,rejected,,,False,False
test,cercospora/1ade986325863121d562.jpg,Cercospora,0.05180964872730254,0.22060366030092593,accepted,Cercospora,0.9956462979316711,False,False
test,cercospora/1aee07faf822ef134239.jpg,Cercospora,0.0274364896073903,0.09788230613425926,accepted,Cercospora,0.9968078136444092,False,False
test,cercospora/2006f51f65744a4de212.jpg,Cercospora,0.005088281687274207,0.1777072482638889,uncertain,Cercospora,0.7426756024360657,False,False
test,cercospora/2060ad5c647303da4c66.jpg,Cercospora,0.06869591166815876,0.15150282118055555,accepted,Cercospora,0.986559271812439,False,False
test,cercospora/2378dbc3b075d32f8995.jpg,Cercospora,0.10465233625996569,0.089599609375,accepted,Cercospora,0.9997360110282898,False,False
test,cercospora/23f67fe3219868083fb8.jpg,Cercospora,0.06593222468897918,0.21586552372685186,rejected,,,False,False
test,cercospora/28328539ce2e1ca6bdb1.jpg,Cercospora,0.0005438066465256798,0.14964916087962962,accepted,Cercospora,0.98969566822052,False,False
test,cercospora/2926112fe080087f4e8e.jpg,Cercospora,0.07670472465779347,0.14334671585648148,uncertain,Cercospora,0.9013025760650635,False,False
test,cercospora/29559e277b4b043e921a.jpg,Cercospora,0.012712257585598961,0.09744827835648148,accepted,Cercospora,0.9966837763786316,False,False
test,cercospora/32e026c246c6d763bbac.jpg,Cercospora,0.01232622798887859,0.1951316550925926,accepted,Cercospora,0.9975190162658691,False,False
test,cercospora/346a5e4511c3eac9d935.jpg,Cercospora,0.0235744564474224,0.3306297019675926,accepted,Cercospora,0.9991432428359985,False,False
test,cercospora/476e51b3fb30f81d2c8a.jpg,Cercospora,0.007595705894267774,0.08928313078703703,accepted,Cercospora,0.9991844296455383,False,False
test,cercospora/47e68356a4fb76618b36.jpg,Cercospora,0.0013152429738335872,0.13062427662037038,accepted,Cercospora,0.9983536005020142,False,False
test,cercospora/487ba36489e99ada8989.jpg,Cercospora,0.07727272727272727,0.11537905092592593,accepted,Cercospora,0.998847246170044,False,False
test,cercospora/4e5050cc9ee0a1e2464f.jpg,Cercospora,0.008139173656415036,0.1455349392361111,accepted,Cercospora,0.9969732761383057,False,False
test,cercospora/53f42fd42925776823a0.jpg,Cercospora,0.07838866290513057,0.34455475983796297,accepted,Cercospora,0.9980813264846802,False,False
test,cercospora/58a412557ca58caeab5d.jpg,Cercospora,0.02150830383882385,0.13284866898148148,uncertain,Leaf Rust,0.8405641317367554,False,True
test,cercospora/5cfc7930ed4a024067a8.jpg,Cercospora,0.004736371760500447,0.10118272569444445,accepted,Cercospora,0.9989068508148193,False,False
test,cercospora/5d9e96b0d3d981e192ff.jpg,Cercospora,0.06437454279444038,0.07416449652777778,uncertain,Cercospora,0.7074187994003296,False,False
test,cercospora/608cbe22a6326ca4f681.jpg,Cercospora,0.00139570699778612,0.18787977430555555,accepted,Cercospora,0.9989860653877258,False,False
test,cercospora/62fffd9edf9a94d8abc1.jpg,Cercospora,0.0,0.20878544560185186,accepted,Cercospora,0.9984551668167114,False,False
test,cercospora/6426a3474b363cfbdc9d.jpg,Cercospora,0.0033980582524271844,0.16764322916666666,accepted,Cercospora,0.9969195127487183,False,False
test,cercospora/670eec7db393a7ce8020.jpg,Cercospora,0.006260096930533118,0.1791087962962963,accepted,Cercospora,0.9711616635322571,False,False
test,cercospora/6c2ff33077930bdf2e07.jpg,Cercospora,0.003695150115473441,0.1174587673611111,accepted,Cercospora,0.999413013458252,False,False
test,cercospora/6dd003ea541bae1430a7.jpg,Cercospora,0.00666395774075579,0.11126482928240741,accepted,Cercospora,0.9990146160125732,False,False
test,cercospora/6dd09deac6aeb7e5b428.jpg,Cercospora,0.02187437286775035,0.0901150173611111,uncertain,Cercospora,0.8850920796394348,False,False
test,cercospora/6e339ed41380ce84c7e2.jpg,Cercospora,0.07680183407364952,0.12621166087962962,accepted,Cercospora,0.9985933899879456,False,False
test,cercospora/75e2a85d4b96b3a6fbbf.jpg,Cercospora,0.13767958992130533,0.125244140625,accepted,Cercospora,0.9991170763969421,False,False
test,cercospora/762985f16c508f4322a8.jpg,Cercospora,0.005661005661005661,0.08146158854166667,accepted,Cercospora,0.9991775155067444,False,False
test,cercospora/79b06608e5784e5f024b.jpg,Cercospora,0.12114143534717363,0.23258463541666666,accepted,Cercospora,0.998380184173584,False,False
test,cercospora/7e270325502a7c7023dc.jpg,Cercospora,0.004971688993232979,0.1309497974537037,accepted,Cercospora,0.9789499044418335,False,False
test,cercospora/7e8225a2c3ecdb686dbc.jpg,Cercospora,0.002223742730071844,0.3171657986111111,accepted,Cercospora,0.9861635565757751,False,False
test,cercospora/7f4a2904434e9eaf3166.jpg,Cercospora,0.019476639980881824,0.07567455150462964,accepted,Cercospora,0.9688428044319153,False,False
test,cercospora/82286972e59b7dfcd8ca.jpg,Cercospora,0.07048530868273357,0.054777922453703706,accepted,Cercospora,0.9991024732589722,False,False
test,cercospora/84f23dfe2548627fad99.jpg,Cercospora,0.17827055291953134,0.18675853587962962,uncertain,Cercospora,0.8781082630157471,False,False
test,cercospora/8cc5783a3d07cbf1d71c.jpg,Cercospora,0.0,0.11562319155092593,accepted,Cercospora,0.9977608919143677,False,False
test,cercospora/92b33ce940d68d594975.jpg,Cercospora,0.012425406686830703,0.22122757523148148,accepted,Cercospora,0.99226975440979,False,False
test,cercospora/a47f1702946d3c134908.jpg,Cercospora,0.0526245223570423,0.13488317418981483,accepted,Cercospora,0.9973962306976318,False,False
test,cercospora/a906fb166f31dd10e451.jpg,Cercospora,0.00313686643552914,0.10953776041666667,accepted,Cercospora,0.9971444010734558,False,False
test,cercospora/ab3f07054579db5060d5.jpg,Cercospora,0.004417261297995243,0.079833984375,accepted,Cercospora,0.9949296712875366,False,False
test,cercospora/b1d815e2a8f5029b52e0.jpg,Cercospora,0.007834381976862188,0.22275571469907407,accepted,Cercospora,0.999089241027832,False,False
test,cercospora/b21c656842ed525e057f.jpg,Cercospora,0.015030349744676751,0.09384946469907407,accepted,Cercospora,0.9950047135353088,False,False
test,cercospora/b38f6c7f023a651ad236.jpg,Cercospora,0.06704087637499434,0.19975224247685186,accepted,Cercospora,0.9938765168190002,False,False
test,cercospora/b4ca01f81c2c9a625366.jpg,Cercospora,0.03143860913431223,0.10037796585648148,uncertain,Cercospora,0.8129319548606873,False,False
test,cercospora/b626520199bc83714e56.jpg,Cercospora,0.008125846442337744,0.17359302662037038,accepted,Cercospora,0.9996408224105835,False,False
test,cercospora/b8b450cfebd2cdcaf11c.jpg,Cercospora,0.0,0.07807074652777778,accepted,Cercospora,0.9991760849952698,False,False
test,cercospora/b8d62cf65f1eba581474.jpg,Cercospora,0.0033135857013756403,0.09005172164351852,uncertain,Cercospora,0.6942827105522156,False,False
test,cercospora/bcf4d145dc85d32378ba.jpg,Cercospora,0.0037784862439485182,0.07657877604166667,accepted,Cercospora,0.9991945624351501,False,False
test,cercospora/c289b1b85166db4d31eb.jpg,Cercospora,0.01647373107747106,0.10154441550925926,accepted,Cercospora,0.9996943473815918,False,False
test,cercospora/c4ac006bf5c7f3845cb0.jpg,Cercospora,0.01251244750400485,0.20884874131944445,accepted,Cercospora,0.9992631077766418,False,False
test,cercospora/c4dce8415ab0f0c8d78d.jpg,Cercospora,0.15698696203049003,0.22123661747685186,accepted,Cercospora,0.9808177947998047,False,False
test,cercospora/c71c50121dae71c9e2b4.jpg,Cercospora,0.013938466768655448,0.10639105902777778,accepted,Cercospora,0.9996224641799927,False,False
test,cercospora/c882f5c9d0adf61e4baf.jpg,Cercospora,0.058639855117716855,0.14479347511574073,accepted,Cercospora,0.9979887008666992,False,False
test,cercospora/ccd3e1eb9dea8f4f65ab.jpg,Cercospora,0.006115149417330103,0.078369140625,accepted,Cercospora,0.9936884045600891,False,False
test,cercospora/d0fca9d13ce3b8b7c33d.jpg,Cercospora,0.08611148603050345,0.2679759837962963,accepted,Cercospora,0.9975196719169617,False,False
test,cercospora/d347ed4256e046d2e125.jpg,Cercospora,0.02115127175368139,0.06754557291666667,accepted,Cercospora,0.9992465972900391,False,False
test,cercospora/d64316dfe1dbe46f4ede.jpg,Cercospora,0.0018395358709494835,0.06390154803240741,accepted,Cercospora,0.9992534518241882,False,False
test,cercospora/dfebb472d60a9dc89f19.jpg,Cercospora,0.09510737929920879,0.11199725115740741,accepted,Cercospora,0.979021430015564,False,False
test,cercospora/e528fdb730f5fb880f42.jpg,Cercospora,0.010012135922330098,0.1490162037037037,accepted,Cercospora,0.9994208812713623,False,False
test,cercospora/e73ff9027038226ae47b.jpg,Cercospora,0.0,0.06058304398148148,accepted,Cercospora,0.9957102537155151,False,False
test,cercospora/e946388f321c679be20a.jpg,Cercospora,0.007896794370602032,0.11565031828703703,accepted,Cercospora,0.9982597231864929,False,False
test,cercospora/ec6ba4c5459118fa6993.jpg,Cercospora,0.038713968957871395,0.20390263310185186,accepted,Cercospora,0.998683750629425,False,False
test,cercospora/f28bd724f76aa57c3241.jpg,Cercospora,0.0021608643457382954,0.07532190393518519,accepted,Cercospora,0.9985525012016296,False,False
test,cercospora/f2c26f5939b1763a1195.jpg,Cercospora,0.06281177545141572,0.12869827835648148,accepted,Cercospora,0.9990035891532898,False,False
test,cercospora/f406bc19583dc7b3baf1.jpg,Cercospora,0.00033585222502099076,0.05384657118055555,accepted,Cercospora,0.999146580696106,False,False
test,cercospora/f43aab9bdea372e3e55c.jpg,Cercospora,0.018101761252446183,0.25875289351851855,accepted,Cercospora,0.9986749291419983,False,False
test,cercospora/f607687f0861f382baeb.jpg,Cercospora,0.13605631562201717,0.2273582175925926,uncertain,Cercospora,0.7011428475379944,False,False
test,cercospora/faba65715e88d8132015.jpg,Cercospora,0.013849523318732286,0.14037181712962962,accepted,Cercospora,0.9990959167480469,False,False
test,cercospora/fe13d45825a1bbedf3af.jpg,Cercospora,0.05171182524679689,0.21525065104166666,accepted,Cercospora,0.9958657026290894,False,False
test,cercospora/fed757d1c4113f8983bd.jpg,Cercospora,0.07587501019825406,0.11083080150462964,rejected,,,False,False
test,healthy/0085c38a18702c7ecd8e.jpg,Healthy,0.0,0.2859157986111111,accepted,Healthy,0.9974765181541443,False,False
test,healthy/03ee8e48f433d0297ba0.jpg,Healthy,0.0005023863350916855,0.323974609375,accepted,Healthy,0.9915027618408203,False,False
test,healthy/0a63cb86f24d4cc3638d.jpg,Healthy,0.0,0.2856309678819444,accepted,Healthy,0.9960373640060425,False,False
test,healthy/0cac021a9b6b3a3d30e5.jpg,Healthy,0.10408152572566279,0.5177408854166666,accepted,Healthy,0.9856442213058472,False,False
test,healthy/0e7ef5272d0ce1689b94.jpg,Healthy,0.015718093446221385,0.6151620370370371,accepted,Healthy,0.9951992630958557,False,False
test,healthy/117576b6b9028e858b30.jpg,Healthy,0.011076387515328929,0.3428683810763889,accepted,Healthy,0.9955775737762451,False,False
test,healthy/2105efc675312ba338de.jpg,Healthy,0.01182378993989244,0.3429904513888889,accepted,Healthy,0.9963000416755676,False,False
test,healthy/259e18fdf500a2550d18.jpg,Healthy,0.0008098708970511172,0.2847086588541667,accepted,Healthy,0.9940594434738159,False,False
test,healthy/2a50eb383ac3e1addf0d.jpg,Healthy,0.0,0.4133436414930556,accepted,Healthy,0.9986172914505005,False,False
test,healthy/2b641feaf258d97013ab.jpg,Healthy,0.0005981962083563409,0.2947591145833333,accepted,Healthy,0.987190306186676,False,False
test,healthy/2eaada5443cf74a043b7.jpg,Healthy,0.0005059797608095676,0.2948676215277778,accepted,Healthy,0.9968345761299133,False,False
test,healthy/2ee1c66c4cb67b81c645.jpg,Healthy,0.0008098708970511172,0.2847086588541667,accepted,Healthy,0.9851592183113098,False,False
test,healthy/310c51a26ad97a0ea80b.jpg,Healthy,0.011308330947609505,0.2842610677083333,accepted,Healthy,0.9954504370689392,False,False
test,healthy/32ea593ed2a30131ed58.jpg,Healthy,0.00244926522043387,0.348876953125,accepted,Healthy,0.9858565330505371,False,False
test,healthy/33cccbd217bab656c0fb.jpg,Healthy,0.0,0.3872612847222222,accepted,Healthy,0.9751485586166382,False,False
test,healthy/359ff4023c4fb403ff6d.jpg,Healthy,0.01182378993989244,0.3429904513888889,accepted,Healthy,0.9905933737754822,False,False
test,healthy/36c34654dbaa0e0728cc.jpg,Healthy,0.0,0.3078748914930556,accepted,Healthy,0.9899157285690308,False,False
test,healthy/37eec259581ad07032b2.jpg,Healthy,0.0,0.4131944444444444,accepted,Healthy,0.9902305006980896,False,False
test,healthy/44eac8031bc87e1f6793.jpg,Healthy,0.00248775557801446,0.3489312065972222,accepted,Healthy,0.9937480688095093,False,False
test,healthy/487c8fa58faa70d60426.jpg,Healthy,0.0,0.3873833550347222,accepted,Healthy,0.9789446592330933,False,False
test,healthy/4ac2b5e3ebd3c85ed10d.jpg,Healthy,0.10496398166339227,0.5177815755208334,uncertain,Healthy,0.8972460627555847,False,False
test,healthy/4d267401e961718f58fe.jpg,Healthy,0.0,0.2859157986111111,accepted,Healthy,0.9942266941070557,False,False
test,healthy/53503e1939f4aea51fec.jpg,Healthy,0.00250681540438066,0.4328477647569444,accepted,Healthy,0.9909035563468933,False,False
test,healthy/66fe42951ecb125e994a.jpg,Healthy,0.00250681540438066,0.4328477647569444,accepted,Healthy,0.9952700734138489,False,False
test,healthy/6d6f385455d90a1bd538.jpg,Healthy,0.002412431856632621,0.4329155815972222,accepted,Healthy,0.9965085387229919,False,False
test,healthy/71a02db8aa6da46db4ad.jpg,Healthy,0.011256319755795097,0.2843695746527778,accepted,Healthy,0.9949408769607544,False,False
test,healthy/7ed85305bd94a7fff492.jpg,Healthy,0.011076387515328929,0.3428683810763889,accepted,Healthy,0.9882921576499939,False,False
test,healthy/82a1bd62ba1d2436b039.jpg,Healthy,0.00033298647242455777,0.3258599175347222,accepted,Healthy,0.998938262462616,False,False
test,healthy/86105993d89d60ea6bbd.jpg,Healthy,0.10496398166339227,0.5177815755208334,accepted,Healthy,0.9776679277420044,False,False
test,healthy/87f7aaa156912af5cf5c.jpg,Healthy,0.0,0.3872612847222222,accepted,Healthy,0.9900862574577332,False,False
test,healthy/8c3d842d48a53a98eef8.jpg,Healthy,0.00033298647242455777,0.3258599175347222,accepted,Healthy,0.9990973472595215,False,False
test,healthy/956f02a068d2ce6c21e3.jpg,Healthy,0.007278633301251203,0.22547743055555555,accepted,Healthy,0.9979890584945679,False,False
test,healthy/9e210f42d35342f1fc2d.jpg,Healthy,0.0072795090843460475,0.22545030381944445,uncertain,Healthy,0.9444105625152588,False,False
test,healthy/a2d60aea649f2db4d044.jpg,Healthy,0.00244926522043387,0.348876953125,accepted,Healthy,0.9950535893440247,False,False
test,healthy/a6020264065feb9a0c00.jpg,Healthy,0.0004602703041968283,0.3241509331597222,accepted,Healthy,0.9880281686782837,False,False
test,healthy/ae48ca0e9c4a6c14b1e2.jpg,Healthy,0.00248775557801446,0.3489312065972222,accepted,Healthy,0.9924342632293701,False,False
test,healthy/ae638d6b585ae3cd77bf.jpg,Healthy,0.0,0.3079291449652778,accepted,Healthy,0.993586003780365,False,False
test,healthy/ae950318a5c82dbfc327.jpg,Healthy,0.0,0.3078748914930556,accepted,Healthy,0.9847078323364258,False,False
test,healthy/afa435cd9dfd89f4376d.jpg,Healthy,0.0,0.4131944444444444,accepted,Healthy,0.9981517195701599,False,False
test,healthy/b01e3eddc88f489f41ba.jpg,Healthy,0.0003320328712542542,0.3267957899305556,accepted,Healthy,0.9982755184173584,False,False
test,healthy/b33c8cefb007a4911094.jpg,Healthy,0.0005716735743890238,0.2847086588541667,accepted,Healthy,0.9895713329315186,False,False
test,healthy/b748d2fc7c0dbcc478c8.jpg,Healthy,0.002412431856632621,0.4329155815972222,accepted,Healthy,0.9899483919143677,False,False
test,healthy/c81c58ffa856caec119d.jpg,Healthy,0.0005981962083563409,0.2947591145833333,accepted,Healthy,0.9950597286224365,False,False
test,healthy/c85619862ae96b028f10.jpg,Healthy,0.007278633301251203,0.22547743055555555,accepted,Healthy,0.9861866235733032,False,False
test,healthy/c9c1ab7fc790e6b913fa.jpg,Healthy,0.011308330947609505,0.2842610677083333,accepted,Healthy,0.9943634271621704,False,False
test,healthy/cd3b6adb1bb300378033.jpg,Healthy,0.0005716735743890238,0.2847086588541667,accepted,Healthy,0.9939471483230591,False,False
test,healthy/d1acf257024de17d7e0a.jpg,Healthy,0.011256319755795097,0.2843695746527778,accepted,Healthy,0.9937375783920288,False,False
test,healthy/d80c9f7a04a946ea9964.jpg,Healthy,0.0004602703041968283,0.3241509331597222,accepted,Healthy,0.9859280586242676,False,False
test,healthy/da1a1fd27a8cc7fd370c.jpg,Healthy,0.0,0.4133436414930556,accepted,Healthy,0.9946601986885071,False,False
test,healthy/dbaa6718fcd646d4fd2b.jpg,Healthy,0.0,0.2856309678819444,accepted,Healthy,0.9957031607627869,False,False
test,healthy/dfa29f56c336a3f9d1ae.jpg,Healthy,0.0072795090843460475,0.22545030381944445,accepted,Healthy,0.9794251322746277,False,False
test,healthy/e1ba80aaafe3019397ee.jpg,Healthy,0.10408152572566279,0.5177408854166666,uncertain,Healthy,0.6134589314460754,False,False
test,healthy/ed76e2e0f210371eba45.jpg,Healthy,0.0003320328712542542,0.3267957899305556,accepted,Healthy,0.9989632368087769,False,False
test,healthy/f38ace32425062ffb336.jpg,Healthy,0.0,0.3873833550347222,accepted,Healthy,0.9849326014518738,False,False
test,healthy/f7ed03fe9e32fe5b9c31.jpg,Healthy,0.0,0.3079291449652778,accepted,Healthy,0.9894716143608093,False,False
test,healthy/fabf20344bd8787dc72d.jpg,Healthy,0.0005059797608095676,0.2948676215277778,accepted,Healthy,0.9919617772102356,False,False
test,healthy/fba2e5559531c35865af.jpg,Healthy,0.0005023863350916855,0.323974609375,accepted,Healthy,0.9944303631782532,False,False
test,leaf_rust/0c91f84def931c8b9b27.jpg,Leaf Rust,0.05470755099284074,0.06693974247685185,accepted,Leaf Rust,0.9984595775604248,False,False
test,leaf_rust/0f35eab50a93737f0e4d.jpg,Leaf Rust,0.07707707707707707,0.081298828125,uncertain,Leaf Rust,0.9089627265930176,False,False
test,leaf_rust/10697845672965366ffe.jpg,Leaf Rust,0.43800129067945054,0.09808123553240741,accepted,Leaf Rust,0.992277979850769,False,False
test,leaf_rust/12693ef6367b59ea8aad.jpg,Leaf Rust,0.06686495452725505,0.15808557581018517,accepted,Leaf Rust,0.9980816841125488,False,False
test,leaf_rust/13447f45c9aef7cda8f3.jpg,Leaf Rust,0.05977146205684149,0.06172236689814815,accepted,Leaf Rust,0.9992867112159729,False,False
test,leaf_rust/146b830504dd5747d451.jpg,Leaf Rust,0.03771936790280314,0.3416069878472222,accepted,Leaf Rust,0.994513750076294,False,False
test,leaf_rust/15a3699e1612597b5d91.jpg,Leaf Rust,0.24522099888303814,0.4250081380208333,accepted,Leaf Rust,0.99601149559021,False,False
test,leaf_rust/163ab9690b7d6dfe5951.jpg,Leaf Rust,0.04778101716877227,0.16748046875,accepted,Leaf Rust,0.9969802498817444,False,False
test,leaf_rust/17653796c274f9b51c11.jpg,Leaf Rust,0.03263144932890038,0.3304443359375,accepted,Leaf Rust,0.9782277345657349,False,False
test,leaf_rust/1b38a119027fc37e792d.jpg,Leaf Rust,0.7466319557435731,0.13893410011574073,accepted,Leaf Rust,0.9912309646606445,False,False
test,leaf_rust/1b983f24aab81991b339.jpg,Leaf Rust,0.12888693550159322,0.16458695023148148,accepted,Leaf Rust,0.9872762560844421,False,False
test,leaf_rust/21661ebd974b8ad100ad.jpg,Leaf Rust,0.32926829268292684,0.3536783854166667,uncertain,Leaf Rust,0.8241183757781982,False,False
test,leaf_rust/21a95787ccab0cc62327.jpg,Leaf Rust,0.03672243227844823,0.17457863136574073,accepted,Cercospora,0.9932430386543274,True,True
test,leaf_rust/232585eca867feb8d8c4.jpg,Leaf Rust,0.17765858826645478,0.2731119791666667,accepted,Leaf Rust,0.9963117241859436,False,False
test,leaf_rust/23f150dfbf34fc8318c0.jpg,Leaf Rust,0.060880424601935684,0.11584924768518519,accepted,Leaf Rust,0.9985906481742859,False,False
test,leaf_rust/246de462f96fb1af71ed.jpg,Leaf Rust,0.1046119235095613,0.2652723524305556,accepted,Leaf Rust,0.9987462759017944,False,False
test,leaf_rust/259a0507f46fcc6172fe.jpg,Leaf Rust,0.10333889816360602,0.05416304976851852,accepted,Leaf Rust,0.9925816059112549,False,False
test,leaf_rust/26019d4e9fda7921ff0f.jpg,Leaf Rust,0.0746052069995732,0.1059299045138889,accepted,Leaf Rust,0.9954468607902527,False,False
test,leaf_rust/2609d706c37be55bb731.jpg,Leaf Rust,0.2898416233605543,0.14615885416666666,accepted,Leaf Rust,0.9619234204292297,False,False
test,leaf_rust/27a155495490134711ef.jpg,Leaf Rust,0.032101806239737275,0.3304036458333333,accepted,Leaf Rust,0.9919913411140442,False,False
test,leaf_rust/2981fde87f9b4375d121.jpg,Leaf Rust,0.24230127598178458,0.4010959201388889,rejected,,,False,False
test,leaf_rust/2fafe635a1ce5ad43cd2.jpg,Leaf Rust,0.27978750316215534,0.1429759837962963,accepted,Leaf Rust,0.9681608080863953,False,False
test,leaf_rust/3367125b1d423f72f99b.jpg,Leaf Rust,0.26798327807409544,0.12545211226851852,accepted,Leaf Rust,0.9915549159049988,False,False
test,leaf_rust/357d82d6c80f2a9ae307.jpg,Leaf Rust,0.07377681041128191,0.1994086371527778,accepted,Leaf Rust,0.9931372404098511,False,False
test,leaf_rust/35ffd7ef505422e27cad.jpg,Leaf Rust,0.07728356158849432,0.2238226996527778,accepted,Leaf Rust,0.9749079346656799,False,False
test,leaf_rust/39acb04c94c3aefc0cba.jpg,Leaf Rust,0.017066854990583805,0.15364583333333334,accepted,Leaf Rust,0.9956761002540588,False,False
test,leaf_rust/3df3f75bf2c6da08986e.jpg,Leaf Rust,0.2370792472833289,0.06823278356481481,uncertain,Cercospora,0.8413447141647339,False,True
test,leaf_rust/3ed4a70c4f362a9787ec.jpg,Leaf Rust,0.07137768912950562,0.06346752025462964,accepted,Leaf Rust,0.9986523985862732,False,False
test,leaf_rust/3ef33d8773494919e567.jpg,Leaf Rust,0.03771936790280314,0.3416069878472222,accepted,Leaf Rust,0.9935606718063354,False,False
test,leaf_rust/3fc3fea8bce293fb89f6.jpg,Leaf Rust,0.28235884847132336,0.16207320601851852,accepted,Leaf Rust,0.994293212890625,False,False
test,leaf_rust/473999bd6123b9ab2a68.jpg,Leaf Rust,0.02665441176470588,0.2803819444444444,accepted,Leaf Rust,0.988888680934906,False,False
test,leaf_rust/4dd5ab2133b7fd483d07.jpg,Leaf Rust,0.07841350344718281,0.3423122829861111,accepted,Leaf Rust,0.9955774545669556,False,False
test,leaf_rust/4e4c4408e60de2d3d533.jpg,Leaf Rust,0.1746875,0.05787037037037037,accepted,Leaf Rust,0.9944431185722351,False,False
test,leaf_rust/4eff81cb43cb61ae0760.jpg,Leaf Rust,0.14244983002522207,0.16491247106481483,accepted,Leaf Rust,0.992066502571106,False,False
test,leaf_rust/518fec6acd9414551907.jpg,Leaf Rust,0.223998032948119,0.18387405960648148,accepted,Leaf Rust,0.9895254373550415,False,False
test,leaf_rust/5c4950b4067cdf3f2951.jpg,Leaf Rust,0.06195643808204418,0.11748589409722222,uncertain,Leaf Rust,0.8495957255363464,False,False
test,leaf_rust/5ddf6d43142e6c202c15.jpg,Leaf Rust,0.038012856122529956,0.3418240017361111,accepted,Leaf Rust,0.9939969778060913,False,False
test,leaf_rust/5ee0016adf70842c6319.jpg,Leaf Rust,0.24663348011998212,0.425048828125,accepted,Leaf Rust,0.9972414970397949,False,False
test,leaf_rust/6248456a654b89de5de9.jpg,Leaf Rust,0.08982934568218849,0.2108832465277778,accepted,Leaf Rust,0.9971862435340881,False,False
test,leaf_rust/6d6d1ff23bdd4f744159.jpg,Leaf Rust,0.02665441176470588,0.2803819444444444,accepted,Leaf Rust,0.9758828282356262,False,False
test,leaf_rust/7144c9c1676d9696dd1c.jpg,Leaf Rust,0.25070536074163646,0.1570366753472222,accepted,Leaf Rust,0.9950683116912842,False,False
test,leaf_rust/75bfe5128a32b8009532.jpg,Leaf Rust,0.2459316436557514,0.3408881293402778,accepted,Leaf Rust,0.9946820139884949,False,False
test,leaf_rust/772ed55e35c982e6e1ca.jpg,Leaf Rust,0.3310979114772945,0.3539360894097222,accepted,Leaf Rust,0.9622461795806885,False,False
test,leaf_rust/7a45924b74a60643373c.jpg,Leaf Rust,0.4498711165377832,0.333251953125,accepted,Leaf Rust,0.9970882534980774,False,False
test,leaf_rust/7b51d728e6119bee8896.jpg,Leaf Rust,0.12299543916433721,0.1843804253472222,accepted,Leaf Rust,0.993255615234375,False,False
test,leaf_rust/7babc39f66a26f2e39a3.jpg,Leaf Rust,0.24588596246563335,0.3403998480902778,accepted,Leaf Rust,0.9982022047042847,False,False
test,leaf_rust/80f12575c508646628c6.jpg,Leaf Rust,0.4185885289088136,0.1956470630787037,accepted,Leaf Rust,0.9786418676376343,False,False
test,leaf_rust/81d632f7f4bd6fba5b38.jpg,Leaf Rust,0.027697935719885027,0.10381401909722222,accepted,Leaf Rust,0.9834570288658142,False,False
test,leaf_rust/889d9f60943bcd343291.jpg,Leaf Rust,0.13352829199657903,0.4916314019097222,accepted,Leaf Rust,0.9969243407249451,False,False
test,leaf_rust/88f6e4aaea406500d6e4.jpg,Leaf Rust,0.19760304004676996,0.12373408564814815,accepted,Leaf Rust,0.9963095784187317,False,False
test,leaf_rust/8afbb5c0ded1217fb2c8.jpg,Leaf Rust,0.038012856122529956,0.3418240017361111,accepted,Leaf Rust,0.9942967295646667,False,False
test,leaf_rust/8d6c8889af6de40559ca.jpg,Leaf Rust,0.34563132658497603,0.06788917824074074,accepted,Leaf Rust,0.9958689212799072,False,False
test,leaf_rust/8d9bbc9a8db14c99d1d8.jpg,Leaf Rust,0.06361865059585844,0.1995533130787037,accepted,Leaf Rust,0.9780675768852234,False,False
test,leaf_rust/8e7bd7a3ef53da786952.jpg,Leaf Rust,0.07841350344718281,0.3423122829861111,uncertain,Leaf Rust,0.9435073733329773,False,False
test,leaf_rust/8ecfbedbe56f08838e9a.jpg,Leaf Rust,0.04227001399480193,0.3165961371527778,accepted,Leaf Rust,0.9986110925674438,False,False
test,leaf_rust/931c6e518325514e358b.jpg,Leaf Rust,0.3931827189853349,0.205322265625,accepted,Leaf Rust,0.9982433319091797,False,False
test,leaf_rust/977d3fd62d3e2284e93a.jpg,Leaf Rust,0.01535335290133213,0.16019241898148148,accepted,Leaf Rust,0.9932378530502319,False,False
test,leaf_rust/9936bee2c7da23cf14e5.jpg,Leaf Rust,0.032101806239737275,0.3304036458333333,accepted,Leaf Rust,0.9908292293548584,False,False
test,leaf_rust/9b18b8ac187bcc5c2160.jpg,Leaf Rust,0.07634706814580032,0.3423394097222222,accepted,Leaf Rust,0.9964239001274109,False,False
test,leaf_rust/9de3e88b424fb44b32e0.jpg,Leaf Rust,0.03794799718903725,0.09006980613425926,accepted,Cercospora,0.9988868832588196,True,True
test,leaf_rust/a684f3843f42bc6eca60.jpg,Leaf Rust,0.25277909488435807,0.171630859375,accepted,Leaf Rust,0.9933775067329407,False,False
test,leaf_rust/a71274ecc36fce24498d.jpg,Leaf Rust,0.2459316436557514,0.3408881293402778,accepted,Leaf Rust,0.9984790682792664,False,False
test,leaf_rust/aa11a086709de9ab5414.jpg,Leaf Rust,0.026123554738522566,0.2803683810763889,accepted,Leaf Rust,0.990543782711029,False,False
test,leaf_rust/ac4b80fce34e6903362c.jpg,Leaf Rust,0.5339629722291719,0.14456741898148148,accepted,Leaf Rust,0.9966546297073364,False,False
test,leaf_rust/b3c23882a54077c96a9b.jpg,Leaf Rust,0.465283540802213,0.09806315104166667,accepted,Leaf Rust,0.9985210299491882,False,False
test,leaf_rust/b705dffc993917689467.jpg,Leaf Rust,0.1560145317545748,0.13440393518518517,accepted,Leaf Rust,0.999200165271759,False,False
test,leaf_rust/bb2c2718d213fcfd0dfe.jpg,Leaf Rust,0.05391860364641839,0.1046459056712963,accepted,Leaf Rust,0.9975346326828003,False,False
test,leaf_rust/bc544c7d2f522f02e1b6.jpg,Leaf Rust,0.07634706814580032,0.3423394097222222,uncertain,Leaf Rust,0.9121541976928711,False,False
test,leaf_rust/bd6b46c6fba279442ace.jpg,Leaf Rust,0.04494195688225539,0.054524739583333336,accepted,Leaf Rust,0.9985809326171875,False,False
test,leaf_rust/c04fa33fafea686d1aac.jpg,Leaf Rust,0.3651266766020864,0.13954897280092593,accepted,Leaf Rust,0.9790521860122681,False,False
test,leaf_rust/c407cd28bfdf60900daf.jpg,Leaf Rust,0.19198952157727836,0.1311668113425926,accepted,Leaf Rust,0.9986405968666077,False,False
test,leaf_rust/c4dfe102a45c0b854382.jpg,Leaf Rust,0.022401275013281388,0.10212311921296297,accepted,Leaf Rust,0.9794424176216125,False,False
test,leaf_rust/c6495befcccdeea89a99.jpg,Leaf Rust,0.05932109070673344,0.16248914930555555,accepted,Leaf Rust,0.9979952573776245,False,False
test,leaf_rust/c741063be224265f6a41.jpg,Leaf Rust,0.15056377017081898,0.13392469618055555,accepted,Leaf Rust,0.9990460276603699,False,False
test,leaf_rust/c851a4a4ac63988dd4ee.jpg,Leaf Rust,0.015969001350319968,0.15401656539351852,accepted,Leaf Rust,0.9960755705833435,False,False
test,leaf_rust/c8fb846530661233ef6b.jpg,Leaf Rust,0.24522099888303814,0.4250081380208333,accepted,Leaf Rust,0.9983413219451904,False,False
test,leaf_rust/cdac39756011b077b7b9.jpg,Leaf Rust,0.47925007323503566,0.09260163483796297,accepted,Leaf Rust,0.9647438526153564,False,False
test,leaf_rust/cf24981d6271e2bb9baa.jpg,Leaf Rust,0.17599940666023883,0.1219165943287037,accepted,Leaf Rust,0.9952366352081299,False,False
test,leaf_rust/cf6bbe9881ddff0f800c.jpg,Leaf Rust,0.12863515915875626,0.26957646122685186,accepted,Leaf Rust,0.9875892996788025,False,False
test,leaf_rust/d2bffb8e46d6dc75af6d.jpg,Leaf Rust,0.13352829199657903,0.4916314019097222,accepted,Leaf Rust,0.9963229894638062,False,False
test,leaf_rust/d5edeb7eb57daf2e38a3.jpg,Leaf Rust,0.24663348011998212,0.425048828125,accepted,Leaf Rust,0.998396098613739,False,False
test,leaf_rust/e100fc8f8304850df13f.jpg,Leaf Rust,0.026123554738522566,0.2803683810763889,accepted,Leaf Rust,0.9906918406486511,False,False
test,leaf_rust/e2e0ec9d2b20e58c9aa2.jpg,Leaf Rust,0.03263144932890038,0.3304443359375,accepted,Leaf Rust,0.995564877986908,False,False
test,leaf_rust/e4c9f5004ea6b85fb186.jpg,Leaf Rust,0.1072312216983334,0.1936939380787037,accepted,Leaf Rust,0.9992519021034241,False,False
test,leaf_rust/e581a87368ae9dd0a69d.jpg,Leaf Rust,0.08539634908727181,0.07231987847222222,accepted,Leaf Rust,0.9876212477684021,False,False
test,leaf_rust/e5fe831a9fb98bb03222.jpg,Leaf Rust,0.10117587344556297,0.2137767650462963,rejected,,,False,False
test,leaf_rust/e931a841fe7f3f1c44d6.jpg,Leaf Rust,0.32926829268292684,0.3536783854166667,accepted,Leaf Rust,0.9706722497940063,False,False
test,leaf_rust/eb167b83b4332bbb907d.jpg,Leaf Rust,0.21412336637413978,0.2864402488425926,accepted,Leaf Rust,0.9952919483184814,False,False
test,leaf_rust/ef8549603de52948623f.jpg,Leaf Rust,0.13457763030554404,0.4905192057291667,accepted,Leaf Rust,0.9768494963645935,False,False
test,leaf_rust/efabc746594db645be5c.jpg,Leaf Rust,0.13439534736709022,0.1430392795138889,accepted,Leaf Rust,0.9982975125312805,False,False
test,leaf_rust/f0bf60e4325eb19c552f.jpg,Leaf Rust,0.13457763030554404,0.4905192057291667,accepted,Leaf Rust,0.994574248790741,False,False
test,leaf_rust/f1df18610d7c40afbf16.jpg,Leaf Rust,0.24588596246563335,0.3403998480902778,accepted,Leaf Rust,0.9970844388008118,False,False
test,leaf_rust/f1f17f811bd0a4b5f08d.jpg,Leaf Rust,0.09554587607137839,0.1930609809027778,accepted,Leaf Rust,0.9962843656539917,False,False
test,leaf_rust/f762ebc6005eedd358e1.jpg,Leaf Rust,0.08466076696165192,0.12261284722222222,accepted,Leaf Rust,0.9983385801315308,False,False
test,leaf_rust/f8adbc74374f41a1dad2.jpg,Leaf Rust,0.11953089760938204,0.060139973958333336,accepted,Leaf Rust,0.9826902747154236,False,False
test,leaf_rust/f902290482864643c604.jpg,Leaf Rust,0.23214840111766533,0.11650028935185185,accepted,Leaf Rust,0.9946692585945129,False,False
test,phoma/0054426dd80367f02b9a.jpg,Phoma,0.012649045654440767,0.2991672092013889,uncertain,Phoma,0.5309186577796936,False,False
test,phoma/03bddff8c952fd0dc1e3.jpg,Phoma,0.10845803250917598,0.3362765842013889,accepted,Phoma,0.9949694275856018,False,False
test,phoma/03e39ed8f1b748a42813.jpg,Phoma,0.01610839730169807,0.23323567708333334,accepted,Phoma,0.9961280822753906,False,False
test,phoma/06ae86dcbdf6dbebaff3.jpg,Phoma,0.03232313529609529,0.2824028862847222,accepted,Phoma,0.9928479194641113,False,False
test,phoma/08be02513f0bf740fbef.jpg,Phoma,0.021912065926737483,0.2847357855902778,accepted,Phoma,0.9955145716667175,False,False
test,phoma/0faa697de321d84dead1.jpg,Phoma,0.0639616935483871,0.2690972222222222,accepted,Phoma,0.9937771558761597,False,False
test,phoma/117b1ad580aaeb4cdd69.jpg,Phoma,0.0446630748809245,0.347412109375,accepted,Phoma,0.9972896575927734,False,False
test,phoma/1edb32c19fc62c6683c0.jpg,Phoma,0.041026423151713884,0.3557264539930556,accepted,Phoma,0.9927958846092224,False,False
test,phoma/1f3d31648bed61b51ce6.jpg,Phoma,0.10825199645075421,0.3362901475694444,accepted,Phoma,0.9930682182312012,False,False
test,phoma/1f6cffc3fc0fce7e6636.jpg,Phoma,0.012922239854908184,0.2991400824652778,uncertain,Phoma,0.8717827200889587,False,False
test,phoma/203f356dc8587ec4e8c4.jpg,Phoma,0.03232313529609529,0.2824028862847222,accepted,Phoma,0.9983702301979065,False,False
test,phoma/2514d2d67273dfd15298.jpg,Phoma,0.021912065926737483,0.2847357855902778,accepted,Phoma,0.9736902117729187,False,False
test,phoma/26b5534bd3f657bcb7db.jpg,Phoma,0.012922239854908184,0.2991400824652778,uncertain,Healthy,0.5123316645622253,False,True
test,phoma/297e43b186a7434e975b.jpg,Phoma,0.08088487972508591,0.3157552083333333,accepted,Phoma,0.9941655397415161,False,False
test,phoma/2bed43046bb80fa85a7a.jpg,Phoma,0.03798877705531308,0.3045518663194444,accepted,Phoma,0.995455265045166,False,False
test,phoma/2d54e18173de6322e53d.jpg,Phoma,0.08078724592840875,0.3156331380208333,accepted,Phoma,0.994380533695221,False,False
test,phoma/2fa583b68fe472025313.jpg,Phoma,0.037509249245830725,0.23829481336805555,accepted,Phoma,0.9872511625289917,False,False
test,phoma/3bf23ce1740ef5b6d4fc.jpg,Phoma,0.022101552824616556,0.2847493489583333,accepted,Phoma,0.94881671667099,False,False
test,phoma/3c6ac50e276d7bece297.jpg,Phoma,0.031260820101894446,0.2742106119791667,accepted,Phoma,0.9804664254188538,False,False
test,phoma/40f9e102a8e3e52f1a62.jpg,Phoma,0.26463648834019204,0.2471923828125,accepted,Phoma,0.9893656969070435,False,False
test,phoma/4d1d50efe1b079fd58dc.jpg,Phoma,0.04659690546462749,0.3033040364583333,accepted,Phoma,0.9940723776817322,False,False
test,phoma/51bfb9c87149850f7da4.jpg,Phoma,0.03822090774655898,0.2384711371527778,accepted,Phoma,0.986407995223999,False,False
test,phoma/54b73376c81b6cfe3a91.jpg,Phoma,0.03822090774655898,0.2384711371527778,accepted,Phoma,0.9781704545021057,False,False
test,phoma/57697ffcd3a96b23e4de.jpg,Phoma,0.012649045654440767,0.2991672092013889,uncertain,Phoma,0.7952588200569153,False,False
test,phoma/5d6b795e1f84492bc5ab.jpg,Phoma,0.03798877705531308,0.3045518663194444,accepted,Phoma,0.9962367415428162,False,False
test,phoma/5e99437739ef02c8661c.jpg,Phoma,0.041026423151713884,0.3557264539930556,accepted,Phoma,0.9522666335105896,False,False
test,phoma/628d3bf7ab455480cb4d.jpg,Phoma,0.26186426729577,0.2472195095486111,accepted,Phoma,0.9974821209907532,False,False
test,phoma/65919beed99975130f9a.jpg,Phoma,0.06248108925869894,0.2689615885416667,accepted,Phoma,0.9956824779510498,False,False
test,phoma/70dbd8bd503dd036def2.jpg,Phoma,0.26186426729577,0.2472195095486111,accepted,Phoma,0.9934930205345154,False,False
test,phoma/71ee2a88fc6828bfaf7d.jpg,Phoma,0.031260820101894446,0.2742106119791667,accepted,Phoma,0.9898627996444702,False,False
test,phoma/7211db11c3410abf4288.jpg,Phoma,0.20644965541155563,0.3129204644097222,accepted,Phoma,0.9782334566116333,False,False
test,phoma/752a172e28fb21022e68.jpg,Phoma,0.01616185105517121,0.2333034939236111,accepted,Phoma,0.9830847382545471,False,False
test,phoma/7ebbe669eaeb43fb4db4.jpg,Phoma,0.01616185105517121,0.2333034939236111,accepted,Phoma,0.9835725426673889,False,False
test,phoma/8122908881552f8e26ef.jpg,Phoma,0.06248108925869894,0.2689615885416667,accepted,Phoma,0.9944296479225159,False,False
test,phoma/82f7a552ce14eadaffa6.jpg,Phoma,0.20994403788204907,0.2800684799382716,rejected,,,False,False
test,phoma/8825f9a908d6d5f29f01.jpg,Phoma,0.07188599260395057,0.3007541232638889,accepted,Phoma,0.9941213726997375,False,False
test,phoma/88a83ee32a4ca8b976cc.jpg,Phoma,0.03801247771836007,0.3043619791666667,accepted,Phoma,0.9936051964759827,False,False
test,phoma/8e993885dbc80fb53a2b.jpg,Phoma,0.20835500086670133,0.31298828125,accepted,Phoma,0.9890146851539612,False,False
test,phoma/8fba4fb3a16b76778977.jpg,Phoma,0.01610839730169807,0.23323567708333334,accepted,Phoma,0.979966938495636,False,False
test,phoma/901e2543fb392d04a3a2.jpg,Phoma,0.10845803250917598,0.3362765842013889,accepted,Phoma,0.991303563117981,False,False
test,phoma/9170e371f99676bba944.jpg,Phoma,0.26463648834019204,0.2471923828125,accepted,Phoma,0.986778974533081,False,False
test,phoma/91db9ab1ced0b225e777.jpg,Phoma,0.04659690546462749,0.3033040364583333,accepted,Phoma,0.9940112233161926,False,False
test,phoma/94b4fb99fe83e94ceeaf.jpg,Phoma,0.044462661513838465,0.3474527994791667,accepted,Phoma,0.9938311576843262,False,False
test,phoma/99b28380afa2770e51fa.jpg,Phoma,0.022101552824616556,0.2847493489583333,accepted,Phoma,0.994502067565918,False,False
test,phoma/a3cb5bcb3d5398c79622.jpg,Phoma,0.0639616935483871,0.2690972222222222,accepted,Phoma,0.9954100251197815,False,False
test,phoma/a74c8fb0de8f603a3225.jpg,Phoma,0.0470440926571863,0.3033040364583333,accepted,Phoma,0.9953498840332031,False,False
test,phoma/ad47b08ff91c9b78f7c6.jpg,Phoma,0.037509249245830725,0.23829481336805555,accepted,Phoma,0.988526463508606,False,False
test,phoma/ad8091b9aef04526d91e.jpg,Phoma,0.08078724592840875,0.3156331380208333,accepted,Phoma,0.9945476055145264,False,False
test,phoma/ae834909619a2839aaf3.jpg,Phoma,0.06781745308799417,0.2977973090277778,accepted,Phoma,0.992389976978302,False,False
test,phoma/afa3ab01712ccd1ba971.jpg,Phoma,0.03121598891857129,0.274169921875,accepted,Phoma,0.9930505752563477,False,False
test,phoma/b07c8a0e5ede40acf521.jpg,Phoma,0.07192135996753393,0.3007948133680556,accepted,Phoma,0.9965580105781555,False,False
test,phoma/b1fbdf0fe6595f946900.jpg,Phoma,0.032284410281047324,0.2823215060763889,accepted,Phoma,0.9984316229820251,False,False
test,phoma/b2225c16ab7c57b04ccf.jpg,Phoma,0.0446630748809245,0.347412109375,accepted,Phoma,0.9948891401290894,False,False
test,phoma/b5e21ee412f2b613d22d.jpg,Phoma,0.03801247771836007,0.3043619791666667,accepted,Phoma,0.9931299090385437,False,False
test,phoma/b92682e48bbecb182f24.jpg,Phoma,0.20835500086670133,0.31298828125,accepted,Phoma,0.995618462562561,False,False
test,phoma/bacef14791150a369395.jpg,Phoma,0.07188599260395057,0.3007541232638889,accepted,Phoma,0.9931366443634033,False,False
test,phoma/be62846727dce9c1fee9.jpg,Phoma,0.06736813336977317,0.2977701822916667,accepted,Phoma,0.986849308013916,False,False
test,phoma/bea382a235a6de0315eb.jpg,Phoma,0.1665934452157104,0.347320556640625,rejected,,,False,False
test,phoma/bf0014b6d2dab8ac3eb1.jpg,Phoma,0.04088326150795164,0.3556450737847222,accepted,Phoma,0.9945318698883057,False,False
test,phoma/c430ea32b5b98fe878d8.jpg,Phoma,0.044462661513838465,0.3474527994791667,accepted,Phoma,0.9874985814094543,False,False
test,phoma/c7d0683d045dc77c5a2d.jpg,Phoma,0.032284410281047324,0.2823215060763889,accepted,Phoma,0.9939408302307129,False,False
test,phoma/cb26b4ce40f86b0a853f.jpg,Phoma,0.06736813336977317,0.2977701822916667,accepted,Phoma,0.9944349527359009,False,False
test,phoma/d0244dfd45cb02bfcac8.jpg,Phoma,0.0470440926571863,0.3033040364583333,accepted,Phoma,0.9863197207450867,False,False
test,phoma/d143f93772076dca946f.jpg,Phoma,0.03121598891857129,0.274169921875,accepted,Phoma,0.9945110082626343,False,False
test,phoma/d3705bd2240b7a6c4898.jpg,Phoma,0.07192135996753393,0.3007948133680556,accepted,Phoma,0.9929118752479553,False,False
test,phoma/ea709db12111050e6abb.jpg,Phoma,0.10825199645075421,0.3362901475694444,accepted,Phoma,0.9956275224685669,False,False
test,phoma/f4b4c4fcbbd219b56d30.jpg,Phoma,0.06781745308799417,0.2977973090277778,accepted,Phoma,0.9783692955970764,False,False
test,phoma/faf5fccf1c78332c4223.jpg,Phoma,0.20644965541155563,0.3129204644097222,accepted,Phoma,0.9939676523208618,False,False
test,phoma/fd710ebc3efe6b6b7a09.jpg,Phoma,0.04088326150795164,0.3556450737847222,accepted,Phoma,0.9743077158927917,False,False
test,phoma/ff85308e14d410ca8f9a.jpg,Phoma,0.08088487972508591,0.3157552083333333,accepted,Phoma,0.9968024492263794,False,False
